public_path,manuscript_objects,module_id,public_sha256,original_executed_path,original_sha256,public_curation_status,governing_locks
04_code/Python/m01_provenance_audit.py,"Methods: provenance; Results: exact reuse; Supplementary Table S1",M01,04a36a5c7c6fd0461416b0665170c273372b37afe7a66086b1261f72a302c313,06_locked_results/reproducibility_archives/M01_PROVENANCE_AUDIT_PILOT_v1/02_code/entry_scripts/m01_provenance_audit.py,04a36a5c7c6fd0461416b0665170c273372b37afe7a66086b1261f72a302c313,BYTE_EXACT,L5B_M01_DATASET_RELATIONSHIP_v1
04_code/Python/m01_metadata_adjudication.py,"Methods: analytic units; Figure 2; Supplementary Table S1",M01,3760adfba8367bc69b92052bd5cf3bad17dd4b64431b91c4e9209ce700821f0d,06_locked_results/reproducibility_archives/M01_METADATA_ADJUDICATION_v2/02_code/entry_scripts/m01_metadata_adjudication.py,3760adfba8367bc69b92052bd5cf3bad17dd4b64431b91c4e9209ce700821f0d,BYTE_EXACT,L5B_M01_DATASET_RELATIONSHIP_v1
04_code/Python/m01_remaining_dataset_audit.py,"Table 1; Supplementary Tables S2-S3",M01,76505439a7185cddef029550d41d2f151c68f9a83c032900e5ecf193d91c2a5e,06_locked_results/reproducibility_archives/M01_REMAINING_DATASET_AUDIT_v1/02_code/entry_scripts/m01_remaining_dataset_audit.py,76505439a7185cddef029550d41d2f151c68f9a83c032900e5ecf193d91c2a5e,BYTE_EXACT,L5B_M01_DATASET_RELATIONSHIP_v1
04_code/Python/m01_extract_gse165816_participant_map.py,"Table 1; Supplementary Table S2; M07 participant interface",M01,237eb3267780e77c1a9fa3bbb86b1cf96e24f1c0c8dccc365c1d6e99d2372154,06_locked_results/reproducibility_archives/M01_REMAINING_DATASET_AUDIT_v1/02_code/entry_scripts/m01_extract_gse165816_participant_map.mjs,98ce2889f0df83993e12d80fbc70589e1ef319cfa0e9b99012281ef81b3c8f48,LOGIC_EQUIVALENT_PUBLIC_PYTHON_REPLACEMENT,L5B_M01_DATASET_RELATIONSHIP_v1
04_code/Python/m02_build_cohort_harmonization_interfaces.py,"Table 1; Figure 1; Supplementary Tables S2-S4",M02,a91d8367287aee754b230dac10aea9b43f75e0c75841fc0a232e92effd3c4c32,06_locked_results/reproducibility_archives/M02_COHORT_HARMONIZATION_v2_corrected/02_code/entry_scripts/m02_build_cohort_harmonization_interfaces.py,a91d8367287aee754b230dac10aea9b43f75e0c75841fc0a232e92effd3c4c32,BYTE_EXACT,L5E_M02_COHORT_HARMONIZATION_v1
04_code/R/m03_run_gse80178_core_v3.R,"Methods: bulk analysis; Results: primary and n11 sensitivity; Figure 3",M03,14e2a9859ac8f3b71183042df933123e1bd2c4d199713a2d1bdf73071f94aee4,06_locked_results/reproducibility_archives/M03_WITHIN_STUDY_EFFECTS_V3_POST_RUN_v3/02_code/entry_scripts/m03_run_gse80178_core_v3.R,14e2a9859ac8f3b71183042df933123e1bd2c4d199713a2d1bdf73071f94aee4,BYTE_EXACT,L5I_M03_ACCEPTED_RESULT_v1
04_code/R/m04_run_naive_vs_aware_sensitivity_v1.R,"Results: reuse and comparator sensitivity; Figure 3",M04,835ca6270db372bc59f4d30b17c062be36024419e175a50e17e3c6145c145ef4,06_locked_results/reproducibility_archives/M04_NAIVE_VS_AWARE_SENSITIVITY_POST_RUN_v1/02_code/entry_scripts/m04_run_naive_vs_aware_sensitivity_v1.R,835ca6270db372bc59f4d30b17c062be36024419e175a50e17e3c6145c145ef4,BYTE_EXACT,L5N_M04_ACCEPTED_RESULT_v1
04_code/Python/m05_run_robustness_synthesis_v1.py,"Results: robustness boundary; Figure 4",M05,f3c08686ac0a40d32b057f8b491f1d68f1d417b0bebea522154506957076a120,06_locked_results/reproducibility_archives/M05_ROBUSTNESS_SYNTHESIS_POST_RUN_v1/02_code/entry_scripts/m05_run_robustness_synthesis_v1.py,f3c08686ac0a40d32b057f8b491f1d68f1d417b0bebea522154506957076a120,BYTE_EXACT,L5R_M05_ACCEPTED_RESULT_v1
04_code/Python/m07_convert_full_core_to_sparse_mtx_v1.py,"Methods: single-cell input conversion; Figure S1",M07,e6f9a708a5d9933bcf9ff93cb75b518239cafa52f6c43a8bb2a1f52b189c40c7,06_locked_results/reproducibility_archives/M07_SINGLE_CELL_CONTEXT_FULL_CORE_POST_RUN_v1/02_code/modules/m07_convert_full_core_to_sparse_mtx_v1.py,e6f9a708a5d9933bcf9ff93cb75b518239cafa52f6c43a8bb2a1f52b189c40c7,BYTE_EXACT,L5_M07_FULL_CORE_POST_RUN_v1
04_code/Python/m07_convert_csv_counts_to_sparse_mtx_v1.py,"Methods: single-cell input conversion; Figure S1",M07,72c9c96c4a0097f932470eff3f596c02e226c46541a46ea5ec229b8bc330f1db,06_locked_results/reproducibility_archives/M07_SINGLE_CELL_CONTEXT_FULL_CORE_POST_RUN_v1/02_code/shared_utils/m07_convert_csv_counts_to_sparse_mtx_v1.py,72c9c96c4a0097f932470eff3f596c02e226c46541a46ea5ec229b8bc330f1db,BYTE_EXACT,L5_M07_FULL_CORE_POST_RUN_v1
04_code/R/m07_run_full_core_analysis_v1.R,"Methods and Results: participant-level single-cell analysis; Figure S1",M07,13662dc4062f47a4d43cada53e5c7a794f66b38f837b2805588d08f1ce3fe99c,06_locked_results/reproducibility_archives/M07_SINGLE_CELL_CONTEXT_FULL_CORE_POST_RUN_v1/02_code/modules/m07_run_full_core_analysis_v1.R,13662dc4062f47a4d43cada53e5c7a794f66b38f837b2805588d08f1ce3fe99c,BYTE_EXACT,L5_M07_FULL_CORE_POST_RUN_v1
04_code/R/m07_full_analysis_helpers_v1.R,"Methods and Results: participant-level single-cell analysis; Figure S1",M07,99c263148f4ac2c0de3f88145f94a0f12a5ab7da732d476435174b71e4213a3d,06_locked_results/reproducibility_archives/M07_SINGLE_CELL_CONTEXT_FULL_CORE_POST_RUN_v1/02_code/shared_utils/m07_full_analysis_helpers_v1.R,99c263148f4ac2c0de3f88145f94a0f12a5ab7da732d476435174b71e4213a3d,BYTE_EXACT,L5_M07_FULL_CORE_POST_RUN_v1
04_code/R/m07_pilot_helpers_v1.R,"Methods and Results: participant-level single-cell analysis; Figure S1",M07,62afcc7a6fbfae999bae04da8823f17c101f313588da102ef4120bf4dc6dc9f5,06_locked_results/reproducibility_archives/M07_SINGLE_CELL_CONTEXT_FULL_CORE_POST_RUN_v1/02_code/shared_utils/m07_pilot_helpers_v1.R,62afcc7a6fbfae999bae04da8823f17c101f313588da102ef4120bf4dc6dc9f5,BYTE_EXACT,L5_M07_FULL_CORE_POST_RUN_v1
04_code/Python/export_result_figures.py,"Figures 2-4 and S1",G8,8ec4172d268a9b0f6eb884a8564b049a0b761baffe25749a5c055b54d362f905,06_locked_results/reproducibility_archives/G8_RESULT_FIGURES_FINAL_v1/02_code/entry_scripts/g8_export_locked_figures_png_pdf_txt_v3.py,09dac452f12eb218e080c4d132301a7f12fb771c19bfe1298e9502d45844cc65,SEMANTIC_ENTRYPOINT_AND_PATH_ONLY_CURATED,"L6_G8_FINAL_FIGURE_CONTENT_v1;L7_G8_FINAL_FIGURE_VISUAL_AND_CODE_v1"
04_code/Python/export_result_figures_base.py,"Figures 2-4 and S1",G8,82299f2064062e3c0b32701c5c6d2557dc87c120527bc7def192264fa9a2b64d,06_locked_results/reproducibility_archives/G8_RESULT_FIGURES_FINAL_v1/02_code/modules/g8_export_locked_figures_png_pdf_txt_v1.py,85bdc4f4c7ae88ab7e0bd9ebb5148c3204f02502c5017843cd975677f93f781e,SEMANTIC_RENAME_AND_PATH_IMPORT_ONLY_CURATED,"L6_G8_FINAL_FIGURE_CONTENT_v1;L7_G8_FINAL_FIGURE_VISUAL_AND_CODE_v1"
04_code/Python/finalize_result_figure_exports.py,"Figures 2-4 and S1",G8,d5a6f94a7fcef8a54843804c023bdd23fcd940587173eefaf83d7f864514f855,06_locked_results/reproducibility_archives/G8_RESULT_FIGURES_FINAL_v1/02_code/entry_scripts/g8_finalize_simple_figure_export_visual_match_v1.py,d5a6f94a7fcef8a54843804c023bdd23fcd940587173eefaf83d7f864514f855,SEMANTIC_FILENAME_ONLY_BYTE_EXACT,"L6_G8_FINAL_FIGURE_CONTENT_v1;L7_G8_FINAL_FIGURE_VISUAL_AND_CODE_v1"
04_code/Python/result_figure_layout.py,"Figures 2-4",G8,854bb5906619be07c9c2613d42e65fc6da782d77656258a3d7bc316dfdda88da,06_locked_results/reproducibility_archives/G8_RESULT_FIGURES_FINAL_v1/02_code/modules/g8_repair_main_result_panel_headers_v1.py,02d863e99ae3b6a73c50757a52a1da1bc2786931b7ba2d1c5d315b070f8bb95a,SEMANTIC_RENAME_AND_PATH_IMPORT_ONLY_CURATED,"L6_G8_FINAL_FIGURE_CONTENT_v1;L7_G8_FINAL_FIGURE_VISUAL_AND_CODE_v1"
04_code/Python/panel_header_layout.py,"Figures 2-4",G8,b73ea5ab293448e716569220a5005bc1f4da7d5896719409337a818154a10493,06_locked_results/reproducibility_archives/G8_RESULT_FIGURES_FINAL_v1/02_code/modules/g8_repair_visible_body_header_anchors_v2.py,0c2a5ef6f6b0db65e193cf2d2a8da4b47a61c326b0f8731c802312c43b3e51e7,SEMANTIC_RENAME_AND_PATH_IMPORT_ONLY_CURATED,"L6_G8_FINAL_FIGURE_CONTENT_v1;L7_G8_FINAL_FIGURE_VISUAL_AND_CODE_v1"
04_code/Python/result_figure_builders.py,"Figures 2 and 4",G8,6fd7566206bef41c28be0acd0a2e773bb24311f3e98d9fb78f5bfc1581292d69,06_locked_results/reproducibility_archives/G8_RESULT_FIGURES_FINAL_v1/02_code/modules/g8_repair_main_figure_candidates_v2.py,46324deabc8fa75c6851d614b365bc303af6dfbd5646269eae5b5ebc3ee7e576,SEMANTIC_RENAME_AND_METADATA_ONLY_CURATED,"L6_G8_FINAL_FIGURE_CONTENT_v1;L7_G8_FINAL_FIGURE_VISUAL_AND_CODE_v1"
04_code/Python/figure23_builders.py,"Figures 2 and 3",G8,8b632c17ffc7392020814200c566022ee45873d4f528647a6858b3e686ccaf35,06_locked_results/reproducibility_archives/G8_RESULT_FIGURES_FINAL_v1/02_code/modules/g8_repair_remaining_figure_candidates_v3.py,3435d145d9e85f413b715a356e8dce0766770f9d05b6547d109584f437bab4f1,SEMANTIC_RENAME_AND_PATH_IMPORT_ONLY_CURATED,"L6_G8_FINAL_FIGURE_CONTENT_v1;L7_G8_FINAL_FIGURE_VISUAL_AND_CODE_v1"
04_code/Python/validate_panel_headers.py,"Figures 2-4 and S1",G8,758274f60253932b92d0d7fdbceee7cf460e9ecf7823a2f66332c7bb7d293d49,06_locked_results/reproducibility_archives/G8_RESULT_FIGURES_FINAL_v1/02_code/shared_utils/g8_validate_panel_header_contract_coverage_v1.py,758274f60253932b92d0d7fdbceee7cf460e9ecf7823a2f66332c7bb7d293d49,SEMANTIC_FILENAME_ONLY_BYTE_EXACT,"L6_G8_FINAL_FIGURE_CONTENT_v1;L7_G8_FINAL_FIGURE_VISUAL_AND_CODE_v1"
04_code/R/build_figureS1.R,Figure S1,G8,f00148f74cea76c1369e3a66452ebc0305f66d1a57b2164eb3b63314afe0491e,06_locked_results/reproducibility_archives/G8_RESULT_FIGURES_FINAL_v1/02_code/modules/g8_repair_figureS1_panel_headers_v4.R,d95e47a747460de272fc39d63652a157d887faa061ae9bd3682380434bd6dcac,SEMANTIC_RENAME_AND_PATH_METADATA_ONLY_CURATED,"L6_G8_FINAL_FIGURE_CONTENT_v1;L7_G8_FINAL_FIGURE_VISUAL_AND_CODE_v1"
04_code/R/export_figureS1.R,Figure S1,G8,f7ce99cbb8be66a2cf2d3fc749114599b41a99eedfb51b5544c5cfd2368fd63a,06_locked_results/reproducibility_archives/G8_RESULT_FIGURES_FINAL_v1/02_code/modules/g8_export_figureS1_600dpi_pdf_v3.R,665519ea95ed7ad555cfb661ee0712a3574d48a10ccf39aa3441d7e6d8f3006a,SEMANTIC_RENAME_AND_PATH_METADATA_ONLY_CURATED,"L6_G8_FINAL_FIGURE_CONTENT_v1;L7_G8_FINAL_FIGURE_VISUAL_AND_CODE_v1"
04_code/vendor/figure_skills/sq3_v2.3-beta.1/R/layout_contracts_v2_3.R,"Figures 2-4 and S1 layout",G8,1e2468540f29285bfb496c0491d849d2643eefb9a34234239a34ce9bd8b5245c,06_locked_results/reproducibility_archives/G8_RESULT_FIGURES_FINAL_v1/02_code/shared_utils/layout_contracts_v2_3.R,1e2468540f29285bfb496c0491d849d2643eefb9a34234239a34ce9bd8b5245c,BYTE_EXACT,"L6_G8_FINAL_FIGURE_CONTENT_v1;L7_G8_FINAL_FIGURE_VISUAL_AND_CODE_v1"
04_code/vendor/figure_skills/sq3_v2.3-beta.1/tools/validate_layout_contract.py,"Figures 2-4 and S1 layout",G8,bb3743428ba2b75bd0630710d104518cdae7f38edb5c0bb21de60120eb92f5e6,06_locked_results/reproducibility_archives/G8_RESULT_FIGURES_FINAL_v1/02_code/shared_utils/validate_layout_contract.py,bb3743428ba2b75bd0630710d104518cdae7f38edb5c0bb21de60120eb92f5e6,BYTE_EXACT,"L6_G8_FINAL_FIGURE_CONTENT_v1;L7_G8_FINAL_FIGURE_VISUAL_AND_CODE_v1"
04_code/Python/build_figure1.py,Figure 1,G9,f2ac48293d5246f6e33f2ddffdffc09395935013fff7a9058e67501552a9591b,06_locked_results/reproducibility_archives/G9_FIGURE1_FINAL_v1/02_code/entry_scripts/g9_generate_figure1_visual_candidate_v2.py,5f54595969c6bdf86166df2c4d7dfd9f502a81d52f5ee437fe5dbb606defac2a,SEMANTIC_RENAME_AND_INTERNAL_PATH_METADATA_ONLY_CURATED,"L6B_G9_FIGURE1_CONTENT_v1;L7B_G9_FIGURE1_VISUAL_AND_CODE_v1"
04_code/Python/export_figure1.py,Figure 1,G9,8b36b9680b14512db787d3f80d30127f83973dffdcd1a05338c08a29d03fe542,06_locked_results/reproducibility_archives/G9_FIGURE1_FINAL_v1/02_code/entry_scripts/g9_export_figure1_locked_layout_v02.py,d20cd7e0a9dc524a4ff038cadd8ea62f91bb2f056957d87b77ee1b1a90033990,SEMANTIC_RENAME_AND_INTERNAL_PATH_METADATA_ONLY_CURATED,"L6B_G9_FIGURE1_CONTENT_v1;L7B_G9_FIGURE1_VISUAL_AND_CODE_v1"
04_code/vendor/figure_skills/sq5_v4.3/tools/render_layout_spec.py,Figure 1,G9,11a32e65e47af9e5174a207193de1e26496d6dfa8d037644d99c9c454e591d29,06_locked_results/reproducibility_archives/G9_FIGURE1_FINAL_v1/02_code/shared_utils/render_layout_spec.py,11a32e65e47af9e5174a207193de1e26496d6dfa8d037644d99c9c454e591d29,BYTE_EXACT,"L6B_G9_FIGURE1_CONTENT_v1;L7B_G9_FIGURE1_VISUAL_AND_CODE_v1"
04_code/vendor/figure_skills/sq5_v4.3/tools/validate_layout_spec.py,Figure 1,G9,e504558dd2ee3e4177faab6451f5acaa2b37506bd6e873852697e6c23e8bc446,06_locked_results/reproducibility_archives/G9_FIGURE1_FINAL_v1/02_code/shared_utils/validate_layout_spec.py,e504558dd2ee3e4177faab6451f5acaa2b37506bd6e873852697e6c23e8bc446,BYTE_EXACT,"L6B_G9_FIGURE1_CONTENT_v1;L7B_G9_FIGURE1_VISUAL_AND_CODE_v1"
04_code/vendor/figure_skills/sq5_v4.3/tools/validate_visual_grammar.py,Figure 1,G9,06edf4056a398a2834ca76276582751c1581da11560f066f6f787e3655951552,06_locked_results/reproducibility_archives/G9_FIGURE1_FINAL_v1/02_code/shared_utils/validate_visual_grammar.py,06edf4056a398a2834ca76276582751c1581da11560f066f6f787e3655951552,BYTE_EXACT,"L6B_G9_FIGURE1_CONTENT_v1;L7B_G9_FIGURE1_VISUAL_AND_CODE_v1"
04_code/vendor/figure_skills/sq5_v4.3/tools/validate_rendered_output.py,Figure 1,G9,d11b91d96230d43a088fc41cd1d69b4e71fd277a57ba7c089c5a3368bf06f622,06_locked_results/reproducibility_archives/G9_FIGURE1_FINAL_v1/02_code/shared_utils/validate_rendered_output.py,d11b91d96230d43a088fc41cd1d69b4e71fd277a57ba7c089c5a3368bf06f622,BYTE_EXACT,"L6B_G9_FIGURE1_CONTENT_v1;L7B_G9_FIGURE1_VISUAL_AND_CODE_v1"
04_code/vendor/figure_skills/sq5_v4.3/tools/make_hotspot_crops.py,Figure 1,G9,3e1a3a0e94d8e8b9f0c226104aae9c2590f4decdb68d021fdf6e56a9c85cdcfc,06_locked_results/reproducibility_archives/G9_FIGURE1_FINAL_v1/02_code/shared_utils/make_hotspot_crops.py,3e1a3a0e94d8e8b9f0c226104aae9c2590f4decdb68d021fdf6e56a9c85cdcfc,BYTE_EXACT,"L6B_G9_FIGURE1_CONTENT_v1;L7B_G9_FIGURE1_VISUAL_AND_CODE_v1"
04_code/vendor/figure_skills/sq5_v4.3/tools/validate_reproducibility_package.py,Figure 1,G9,b1b3d0bafc31127b1b5c044c9fd81a45fa2db6bc4910decba5e05cf7248807c0,06_locked_results/reproducibility_archives/G9_FIGURE1_FINAL_v1/02_code/shared_utils/validate_reproducibility_package.py,b1b3d0bafc31127b1b5c044c9fd81a45fa2db6bc4910decba5e05cf7248807c0,BYTE_EXACT,"L6B_G9_FIGURE1_CONTENT_v1;L7B_G9_FIGURE1_VISUAL_AND_CODE_v1"
04_code/Python/prepare_supplementary_tables.py,"Supplementary Tables S1-S4",G9,7cdad07a2829b878dcaf269fc65b8db7cc733673e563778902a6dd5e49d6a258,04_code/Python/g9_prepare_supplementary_tables_v1.py,99dfaa10e01a255a7bb82f74724c308963689e7804f556ee0e279f5b2fa45611,SEMANTIC_RENAME_AND_PORTABLE_ARGUMENTS_ONLY_CURATED,G9_SUBMISSION_FORMAT_v04
