cell_type,participant_alias,retained_cells,biological_group,participant_total_retained_cells,participant_cell_fraction,display_label,group_label
BASAL_KERATINOCYTE,GSE165816_P001,107,DFU_NONHEALER,1999,0.0535267633816908,Basal KC,Nonhealer
FIBROBLAST,GSE165816_P001,32,DFU_NONHEALER,1999,0.016008004002001,Fibroblast,Nonhealer
LYMPHATIC_ENDOTHELIAL,GSE165816_P001,18,DFU_NONHEALER,1999,0.00900450225112556,Lymphatic EC,Nonhealer
M1_LIKE_MACROPHAGE,GSE165816_P001,36,DFU_NONHEALER,1999,0.0180090045022511,M1-like macro.,Nonhealer
SMOOTH_MUSCLE,GSE165816_P001,573,DFU_NONHEALER,1999,0.28664332166083,Smooth muscle,Nonhealer
T_LYMPHOCYTE,GSE165816_P001,293,DFU_NONHEALER,1999,0.146573286643322,T cell,Nonhealer
UNRESOLVED,GSE165816_P001,33,DFU_NONHEALER,1999,0.0165082541270635,Unresolved,Nonhealer
VASCULAR_ENDOTHELIAL,GSE165816_P001,212,DFU_NONHEALER,1999,0.106053026513257,Vascular EC,Nonhealer
BASAL_KERATINOCYTE,GSE165816_P002,282,DFU_HEALER,6580,0.0428571428571429,Basal KC,Healer
FIBROBLAST,GSE165816_P002,885,DFU_HEALER,6580,0.134498480243161,Fibroblast,Healer
LYMPHATIC_ENDOTHELIAL,GSE165816_P002,25,DFU_HEALER,6580,0.00379939209726444,Lymphatic EC,Healer
M1_LIKE_MACROPHAGE,GSE165816_P002,688,DFU_HEALER,6580,0.104559270516717,M1-like macro.,Healer
SMOOTH_MUSCLE,GSE165816_P002,2386,DFU_HEALER,6580,0.362613981762918,Smooth muscle,Healer
T_LYMPHOCYTE,GSE165816_P002,198,DFU_HEALER,6580,0.0300911854103343,T cell,Healer
UNRESOLVED,GSE165816_P002,24,DFU_HEALER,6580,0.00364741641337386,Unresolved,Healer
VASCULAR_ENDOTHELIAL,GSE165816_P002,316,DFU_HEALER,6580,0.0480243161094225,Vascular EC,Healer
BASAL_KERATINOCYTE,GSE165816_P003,104,DFU_HEALER,3459,0.0300664932061289,Basal KC,Healer
FIBROBLAST,GSE165816_P003,431,DFU_HEALER,3459,0.124602486267707,Fibroblast,Healer
LYMPHATIC_ENDOTHELIAL,GSE165816_P003,31,DFU_HEALER,3459,0.00896212778259613,Lymphatic EC,Healer
M1_LIKE_MACROPHAGE,GSE165816_P003,39,DFU_HEALER,3459,0.0112749349522984,M1-like macro.,Healer
SMOOTH_MUSCLE,GSE165816_P003,1448,DFU_HEALER,3459,0.418618097716103,Smooth muscle,Healer
T_LYMPHOCYTE,GSE165816_P003,183,DFU_HEALER,3459,0.0529054640069384,T cell,Healer
UNRESOLVED,GSE165816_P003,4,DFU_HEALER,3459,0.00115640358485111,Unresolved,Healer
VASCULAR_ENDOTHELIAL,GSE165816_P003,350,DFU_HEALER,3459,0.101185313674472,Vascular EC,Healer
BASAL_KERATINOCYTE,GSE165816_P004,9,DFU_HEALER,2121,0.00424328147100424,Basal KC,Healer
FIBROBLAST,GSE165816_P004,87,DFU_HEALER,2121,0.041018387553041,Fibroblast,Healer
LYMPHATIC_ENDOTHELIAL,GSE165816_P004,42,DFU_HEALER,2121,0.0198019801980198,Lymphatic EC,Healer
M1_LIKE_MACROPHAGE,GSE165816_P004,594,DFU_HEALER,2121,0.28005657708628,M1-like macro.,Healer
SMOOTH_MUSCLE,GSE165816_P004,503,DFU_HEALER,2121,0.237152286657237,Smooth muscle,Healer
T_LYMPHOCYTE,GSE165816_P004,166,DFU_HEALER,2121,0.0782649693540783,T cell,Healer
UNRESOLVED,GSE165816_P004,2,DFU_HEALER,2121,0.000942951438000943,Unresolved,Healer
VASCULAR_ENDOTHELIAL,GSE165816_P004,11,DFU_HEALER,2121,0.00518623290900519,Vascular EC,Healer
BASAL_KERATINOCYTE,GSE165816_P005,701,DFU_NONHEALER,3577,0.195974280123008,Basal KC,Nonhealer
FIBROBLAST,GSE165816_P005,720,DFU_NONHEALER,3577,0.201285993849595,Fibroblast,Nonhealer
LYMPHATIC_ENDOTHELIAL,GSE165816_P005,34,DFU_NONHEALER,3577,0.00950517193178641,Lymphatic EC,Nonhealer
M1_LIKE_MACROPHAGE,GSE165816_P005,21,DFU_NONHEALER,3577,0.00587084148727984,M1-like macro.,Nonhealer
SMOOTH_MUSCLE,GSE165816_P005,718,DFU_NONHEALER,3577,0.200726866088901,Smooth muscle,Nonhealer
T_LYMPHOCYTE,GSE165816_P005,49,DFU_NONHEALER,3577,0.0136986301369863,T cell,Nonhealer
UNRESOLVED,GSE165816_P005,42,DFU_NONHEALER,3577,0.0117416829745597,Unresolved,Nonhealer
VASCULAR_ENDOTHELIAL,GSE165816_P005,302,DFU_NONHEALER,3577,0.0844282918646911,Vascular EC,Nonhealer
BASAL_KERATINOCYTE,GSE165816_P006,65,DFU_NONHEALER,7115,0.00913562895291637,Basal KC,Nonhealer
FIBROBLAST,GSE165816_P006,1509,DFU_NONHEALER,7115,0.212087139845397,Fibroblast,Nonhealer
LYMPHATIC_ENDOTHELIAL,GSE165816_P006,67,DFU_NONHEALER,7115,0.00941672522839072,Lymphatic EC,Nonhealer
M1_LIKE_MACROPHAGE,GSE165816_P006,514,DFU_NONHEALER,7115,0.0722417427969079,M1-like macro.,Nonhealer
SMOOTH_MUSCLE,GSE165816_P006,1775,DFU_NONHEALER,7115,0.249472944483486,Smooth muscle,Nonhealer
T_LYMPHOCYTE,GSE165816_P006,1139,DFU_NONHEALER,7115,0.160084328882642,T cell,Nonhealer
UNRESOLVED,GSE165816_P006,27,DFU_NONHEALER,7115,0.00379479971890372,Unresolved,Nonhealer
VASCULAR_ENDOTHELIAL,GSE165816_P006,478,DFU_NONHEALER,7115,0.0671820098383696,Vascular EC,Nonhealer
BASAL_KERATINOCYTE,GSE165816_P007,137,DFU_NONHEALER,2340,0.0585470085470085,Basal KC,Nonhealer
FIBROBLAST,GSE165816_P007,497,DFU_NONHEALER,2340,0.212393162393162,Fibroblast,Nonhealer
LYMPHATIC_ENDOTHELIAL,GSE165816_P007,29,DFU_NONHEALER,2340,0.0123931623931624,Lymphatic EC,Nonhealer
M1_LIKE_MACROPHAGE,GSE165816_P007,15,DFU_NONHEALER,2340,0.00641025641025641,M1-like macro.,Nonhealer
SMOOTH_MUSCLE,GSE165816_P007,731,DFU_NONHEALER,2340,0.312393162393162,Smooth muscle,Nonhealer
T_LYMPHOCYTE,GSE165816_P007,39,DFU_NONHEALER,2340,0.0166666666666667,T cell,Nonhealer
UNRESOLVED,GSE165816_P007,12,DFU_NONHEALER,2340,0.00512820512820513,Unresolved,Nonhealer
VASCULAR_ENDOTHELIAL,GSE165816_P007,540,DFU_NONHEALER,2340,0.230769230769231,Vascular EC,Nonhealer
BASAL_KERATINOCYTE,GSE165816_P008,178,DFU_HEALER,3556,0.0500562429696288,Basal KC,Healer
FIBROBLAST,GSE165816_P008,810,DFU_HEALER,3556,0.227784026996625,Fibroblast,Healer
LYMPHATIC_ENDOTHELIAL,GSE165816_P008,42,DFU_HEALER,3556,0.0118110236220472,Lymphatic EC,Healer
M1_LIKE_MACROPHAGE,GSE165816_P008,228,DFU_HEALER,3556,0.0641169853768279,M1-like macro.,Healer
SMOOTH_MUSCLE,GSE165816_P008,649,DFU_HEALER,3556,0.182508436445444,Smooth muscle,Healer
T_LYMPHOCYTE,GSE165816_P008,301,DFU_HEALER,3556,0.0846456692913386,T cell,Healer
UNRESOLVED,GSE165816_P008,41,DFU_HEALER,3556,0.0115298087739033,Unresolved,Healer
VASCULAR_ENDOTHELIAL,GSE165816_P008,377,DFU_HEALER,3556,0.106017997750281,Vascular EC,Healer
BASAL_KERATINOCYTE,GSE165816_P009,824,DFU_HEALER,3293,0.250227755845733,Basal KC,Healer
FIBROBLAST,GSE165816_P009,94,DFU_HEALER,3293,0.0285453993319162,Fibroblast,Healer
LYMPHATIC_ENDOTHELIAL,GSE165816_P009,18,DFU_HEALER,3293,0.00546614029760097,Lymphatic EC,Healer
M1_LIKE_MACROPHAGE,GSE165816_P009,62,DFU_HEALER,3293,0.0188278165806256,M1-like macro.,Healer
SMOOTH_MUSCLE,GSE165816_P009,1255,DFU_HEALER,3293,0.381111448527179,Smooth muscle,Healer
T_LYMPHOCYTE,GSE165816_P009,234,DFU_HEALER,3293,0.0710598238688126,T cell,Healer
UNRESOLVED,GSE165816_P009,61,DFU_HEALER,3293,0.0185241421196477,Unresolved,Healer
VASCULAR_ENDOTHELIAL,GSE165816_P009,206,DFU_HEALER,3293,0.0625569389614333,Vascular EC,Healer
BASAL_KERATINOCYTE,GSE165816_P010,105,DFU_HEALER,1834,0.0572519083969466,Basal KC,Healer
FIBROBLAST,GSE165816_P010,145,DFU_HEALER,1834,0.079062159214831,Fibroblast,Healer
LYMPHATIC_ENDOTHELIAL,GSE165816_P010,7,DFU_HEALER,1834,0.00381679389312977,Lymphatic EC,Healer
M1_LIKE_MACROPHAGE,GSE165816_P010,38,DFU_HEALER,1834,0.0207197382769902,M1-like macro.,Healer
SMOOTH_MUSCLE,GSE165816_P010,319,DFU_HEALER,1834,0.173936750272628,Smooth muscle,Healer
T_LYMPHOCYTE,GSE165816_P010,410,DFU_HEALER,1834,0.223555070883315,T cell,Healer
UNRESOLVED,GSE165816_P010,110,DFU_HEALER,1834,0.0599781897491821,Unresolved,Healer
VASCULAR_ENDOTHELIAL,GSE165816_P010,456,DFU_HEALER,1834,0.248636859323882,Vascular EC,Healer
BASAL_KERATINOCYTE,GSE165816_P011,270,DFU_HEALER,3364,0.0802615933412604,Basal KC,Healer
FIBROBLAST,GSE165816_P011,298,DFU_HEALER,3364,0.0885850178359096,Fibroblast,Healer
LYMPHATIC_ENDOTHELIAL,GSE165816_P011,38,DFU_HEALER,3364,0.0112960760998811,Lymphatic EC,Healer
M1_LIKE_MACROPHAGE,GSE165816_P011,55,DFU_HEALER,3364,0.0163495838287753,M1-like macro.,Healer
SMOOTH_MUSCLE,GSE165816_P011,580,DFU_HEALER,3364,0.172413793103448,Smooth muscle,Healer
T_LYMPHOCYTE,GSE165816_P011,76,DFU_HEALER,3364,0.0225921521997622,T cell,Healer
UNRESOLVED,GSE165816_P011,1,DFU_HEALER,3364,0.000297265160523187,Unresolved,Healer
VASCULAR_ENDOTHELIAL,GSE165816_P011,438,DFU_HEALER,3364,0.130202140309156,Vascular EC,Healer
