fact_id,module_id,fact_type,exact_value,unit_or_denominator,source_path,source_sha256,allowed_wording,prohibited_wording,manuscript_destination,status
FACT_M01_DUPLICATES,M01,COUNT,6,Exact GSE68183/GSE80178 control-object pairs,06_locked_results/modules/M01_PROVENANCE_AUDIT/v1_metadata_adjudication/M01_METADATA_RESULT_LOCK_v1.json,0f7a4fd1fd7c6ada153123bf5c0a4c6e470cd299537dd8968335ed9a6fdfe9d5,Six GSE68183 controls are exact raw-data duplicates of six GSE80178 controls,Participant identity inferred beyond public metadata,Abstract/Results,LOCKED
FACT_M01_ROWS_UNITS,M01,COUNT,18 accession rows collapse to 12 conservative analytic units,GSE68183+GSE80178,06_locked_results/modules/M01_PROVENANCE_AUDIT/v1_metadata_adjudication/M01_METADATA_RESULT_LOCK_v1.json,0f7a4fd1fd7c6ada153123bf5c0a4c6e470cd299537dd8968335ed9a6fdfe9d5,State accession and analytic-unit counts separately,18 independent participants,Results/Table 1,LOCKED
FACT_M02_INTERFACE,M02,COUNT,127 accessions to 94 analytic participant units,All registered datasets,06_locked_results/modules/M02_COHORT_HARMONIZATION/v1/M02_RESULT_LOCK_v1.json,121a4d3f2c39cf705518544ca97087938f4118d67aaf7b40f460b79001844063,Participant-aware interface,Expression evidence,Methods/Table 1,LOCKED
FACT_M03_PRIMARY_NULL,M03,RESULT,0,Genes with BH FDR<0.05 in every all-12 primary contrast,06_locked_results/modules/M03_WITHIN_STUDY_EFFECTS/v1/M03_RESULT_LOCK_v1.json,4c73b8082bd7e38f5e65b71d661b6de04122d1507fb098eaab64305880822dfa,No gene reached BH-FDR significance in prespecified all-12 primary contrasts,No biological difference exists,Results,LOCKED
FACT_M03_N11_DFU_NFS,M03,SENSITIVITY_COUNT,1,Threshold-level gene in n11 DFU-vs-NFS,06_locked_results/modules/M03_WITHIN_STUDY_EFFECTS/v1/M03_RESULT_LOCK_v1.json,4c73b8082bd7e38f5e65b71d661b6de04122d1507fb098eaab64305880822dfa,One sensitivity-only threshold signal,Validated biomarker,Results/Supplement,LOCKED_LIMITED
FACT_M03_N11_NAIVE,M03,SENSITIVITY_COUNT,9,Threshold-level genes in n11 pooled-control sensitivity,06_locked_results/modules/M03_WITHIN_STUDY_EFFECTS/v1/M03_RESULT_LOCK_v1.json,4c73b8082bd7e38f5e65b71d661b6de04122d1507fb098eaab64305880822dfa,Nine pooled-control sensitivity-only signals,Primary or robust discoveries,Results/Supplement,LOCKED_LIMITED
FACT_M04_NAIVE_ROWS,M04,COUNT,12,Naively counted control accession rows,06_locked_results/modules/M04_NAIVE_VS_AWARE_SENSITIVITY/v1/M04_RESULT_LOCK_v1.json,90fff5a7ae328611294acfc9062730875fb749bcfb74a97f73d022ace5a8cebe,Naive accession count,Independent samples,Results/Figure 3,LOCKED
FACT_M04_AWARE_OBJECTS,M04,COUNT,6,Provenance-aware unique control objects,06_locked_results/modules/M04_NAIVE_VS_AWARE_SENSITIVITY/v1/M04_RESULT_LOCK_v1.json,90fff5a7ae328611294acfc9062730875fb749bcfb74a97f73d022ace5a8cebe,Six unique objects,Two independent studies,Results/Figure 3,LOCKED
FACT_M05_STUDIES,M05,COUNT,1,Independent compatible core study,06_locked_results/modules/M05_ROBUSTNESS_SYNTHESIS/v1/M05_RESULT_LOCK_v1.json,0aad088f5847a6fb9f8e92a59bde890ec9adaebbbb359cfaff5a56626eb5d450,Only one independent compatible study remained,Meta-analysis or external replication,Abstract/Results/Discussion,LOCKED
FACT_M05_ROBUST_GENES,M05,COUNT,"0/18,865",Genes meeting prespecified cross-study robustness definition,06_locked_results/modules/M05_ROBUSTNESS_SYNTHESIS/v1/M05_RESULT_LOCK_v1.json,0aad088f5847a6fb9f8e92a59bde890ec9adaebbbb359cfaff5a56626eb5d450,No robust cross-study gene could be established,Biological absence,Abstract/Results/Figure 4,LOCKED_VALID_NULL
FACT_M05_PATHWAY,M05,ESTIMABILITY,Not estimable,Cross-study pathway robustness,06_locked_results/modules/M05_ROBUSTNESS_SYNTHESIS/v1/M05_RESULT_LOCK_v1.json,0aad088f5847a6fb9f8e92a59bde890ec9adaebbbb359cfaff5a56626eb5d450,Pathway robustness was not estimable,No pathway differences exist,Results/Limitations,LOCKED
FACT_M07_INPUT,M07,COUNT,"14 libraries; 11 participants; 7 healers; 4 nonhealers; 45,514 cells",GSE165816 foot skin,06_locked_results/modules/M07_SINGLE_CELL_CONTEXT/full_core_v1/M07_FULL_CORE_RESULT_LOCK_v1.json,1c16a516c77edd277ccf8d10fe05a8451b64fb5f4a2572ff87b6fa0d8d2b9204,Participant-level supporting cohort,54 libraries or cells as independent units,Methods/Results,LOCKED
FACT_M07_RETAINED,M07,COUNT,"39,238/45,514 (0.8621)",Retained singlets,06_locked_results/modules/M07_SINGLE_CELL_CONTEXT/full_core_v1/M07_FULL_CORE_RESULT_LOCK_v1.json,1c16a516c77edd277ccf8d10fe05a8451b64fb5f4a2572ff87b6fa0d8d2b9204,Retained after QC and doublet removal,Participant sample size,Results/Supplement,LOCKED
FACT_M07_CLUSTER,M07,COUNT,26 clusters; 25 assigned; 1 unresolved,Outcome-blinded annotation,06_locked_results/modules/M07_SINGLE_CELL_CONTEXT/full_core_v1/M07_FULL_CORE_RESULT_LOCK_v1.json,1c16a516c77edd277ccf8d10fe05a8451b64fb5f4a2572ff87b6fa0d8d2b9204,One cluster remained unresolved,Outcome-defined cell type,Supplement,LOCKED
FACT_M07_PSEUDOBULK,M07,COUNT,171,Participant-by-cell-type pseudobulk columns,06_locked_results/modules/M07_SINGLE_CELL_CONTEXT/full_core_v1/M07_FULL_CORE_RESULT_LOCK_v1.json,1c16a516c77edd277ccf8d10fe05a8451b64fb5f4a2572ff87b6fa0d8d2b9204,Participant-cell-type aggregation,Cell-level replicates,Methods/Supplement,LOCKED
FACT_M07_COUNT_CONSERVATION,M07,COUNT,"351,620,642/351,620,642",Raw counts before/after pseudobulk aggregation,06_locked_results/modules/M07_SINGLE_CELL_CONTEXT/full_core_v1/M07_FULL_CORE_RESULT_LOCK_v1.json,1c16a516c77edd277ccf8d10fe05a8451b64fb5f4a2572ff87b6fa0d8d2b9204,Raw-count conservation verified,Normalized counts used for DE,Methods/QC,LOCKED
FACT_M07_ELIGIBLE,M07,COUNT,8,Eligible cell types,06_locked_results/modules/M07_SINGLE_CELL_CONTEXT/full_core_v1/M07_FULL_CORE_RESULT_LOCK_v1.json,1c16a516c77edd277ccf8d10fe05a8451b64fb5f4a2572ff87b6fa0d8d2b9204,Eight cell types met prespecified eligibility,All annotated types tested,Results,LOCKED
FACT_M07_TESTS,M07,COUNT,65624,Gene-by-cell-type tests,06_locked_results/modules/M07_SINGLE_CELL_CONTEXT/full_core_v1/M07_FULL_CORE_RESULT_LOCK_v1.json,1c16a516c77edd277ccf8d10fe05a8451b64fb5f4a2572ff87b6fa0d8d2b9204,"65,624 global test family","65,624 independent participants",Results,LOCKED
FACT_M07_GLOBAL_NULL,M07,RESULT,0 significant; minimum global FDR 0.308834036196974,"Global BH across 65,624 tests",06_locked_results/modules/M07_SINGLE_CELL_CONTEXT/full_core_v1/M07_FULL_CORE_RESULT_LOCK_v1.json,1c16a516c77edd277ccf8d10fe05a8451b64fb5f4a2572ff87b6fa0d8d2b9204,Valid supporting global null,Biological absence or independent replication,Results/Limitations,LOCKED_VALID_NULL
