canonical_label,canonical_display_label,classification_level,gene,primary_source_workbook,primary_source_label,primary_source_subtype,best_marker_rank,source_workbooks,source_labels,supporting_source_count,use_for_primary_foot_annotation,clinical_group_blinded,outcome_differential_expression_used
BASAL_KERATINOCYTE,Basal keratinocyte,BROAD_CELL_TYPE,COL17A1,MOESM5,BasalKera,,9,MOESM5,BasalKera,1,TRUE,TRUE,FALSE
BASAL_KERATINOCYTE,Basal keratinocyte,BROAD_CELL_TYPE,KRT14,MOESM6,BasalKera,,1,MOESM5;MOESM6,BasalKera,2,TRUE,TRUE,FALSE
BASAL_KERATINOCYTE,Basal keratinocyte,BROAD_CELL_TYPE,KRT15,MOESM5,BasalKera,,10,MOESM5,BasalKera,1,TRUE,TRUE,FALSE
BASAL_KERATINOCYTE,Basal keratinocyte,BROAD_CELL_TYPE,KRT16,MOESM6,BasalKera,,2,MOESM5;MOESM6,BasalKera,2,TRUE,TRUE,FALSE
BASAL_KERATINOCYTE,Basal keratinocyte,BROAD_CELL_TYPE,KRT17,MOESM6,BasalKera,,5,MOESM5;MOESM6,BasalKera,2,TRUE,TRUE,FALSE
BASAL_KERATINOCYTE,Basal keratinocyte,BROAD_CELL_TYPE,KRT5,MOESM6,BasalKera,,4,MOESM5;MOESM6,BasalKera,2,TRUE,TRUE,FALSE
BASAL_KERATINOCYTE,Basal keratinocyte,BROAD_CELL_TYPE,KRT6A,MOESM6,BasalKera,,3,MOESM5;MOESM6,BasalKera,2,TRUE,TRUE,FALSE
BASAL_KERATINOCYTE,Basal keratinocyte,BROAD_CELL_TYPE,KRT6B,MOESM6,BasalKera,,6,MOESM5;MOESM6,BasalKera,2,TRUE,TRUE,FALSE
BASAL_KERATINOCYTE,Basal keratinocyte,BROAD_CELL_TYPE,KRT6C,MOESM6,BasalKera,,7,MOESM6,BasalKera,1,TRUE,TRUE,FALSE
BASAL_KERATINOCYTE,Basal keratinocyte,BROAD_CELL_TYPE,S100A2,MOESM6,BasalKera,,8,MOESM5;MOESM6,BasalKera,2,TRUE,TRUE,FALSE
BASAL_KERATINOCYTE,Basal keratinocyte,BROAD_CELL_TYPE,S100A8,MOESM6,BasalKera,,9,MOESM6,BasalKera,1,TRUE,TRUE,FALSE
BASAL_KERATINOCYTE,Basal keratinocyte,BROAD_CELL_TYPE,S100A9,MOESM6,BasalKera,,10,MOESM6,BasalKera,1,TRUE,TRUE,FALSE
BASAL_KERATINOCYTE,Basal keratinocyte,BROAD_CELL_TYPE,SFN,MOESM5,BasalKera,,8,MOESM5,BasalKera,1,TRUE,TRUE,FALSE
B_LYMPHOCYTE,B lymphocyte,BROAD_CELL_TYPE,CD37,MOESM6,B-Lympho,,1,MOESM5;MOESM6,B-Lympho;B-lympho,2,TRUE,TRUE,FALSE
B_LYMPHOCYTE,B lymphocyte,BROAD_CELL_TYPE,CD52,MOESM6,B-Lympho,,5,MOESM5;MOESM6,B-Lympho;B-lympho,2,TRUE,TRUE,FALSE
B_LYMPHOCYTE,B lymphocyte,BROAD_CELL_TYPE,CD74,MOESM6,B-Lympho,,4,MOESM5;MOESM6,B-Lympho;B-lympho,2,TRUE,TRUE,FALSE
B_LYMPHOCYTE,B lymphocyte,BROAD_CELL_TYPE,CD79A,MOESM6,B-Lympho,,8,MOESM5;MOESM6,B-Lympho;B-lympho,2,TRUE,TRUE,FALSE
B_LYMPHOCYTE,B lymphocyte,BROAD_CELL_TYPE,CD79B,MOESM5,B-lympho,,7,MOESM5,B-lympho,1,TRUE,TRUE,FALSE
B_LYMPHOCYTE,B lymphocyte,BROAD_CELL_TYPE,HLA-DPB1,MOESM6,B-Lympho,,7,MOESM6,B-Lympho,1,TRUE,TRUE,FALSE
B_LYMPHOCYTE,B lymphocyte,BROAD_CELL_TYPE,HLA-DQA1,MOESM6,B-Lympho,,9,MOESM6,B-Lympho,1,TRUE,TRUE,FALSE
B_LYMPHOCYTE,B lymphocyte,BROAD_CELL_TYPE,HLA-DRA,MOESM6,B-Lympho,,6,MOESM6,B-Lympho,1,TRUE,TRUE,FALSE
B_LYMPHOCYTE,B lymphocyte,BROAD_CELL_TYPE,IGHM,MOESM6,B-Lympho,,10,MOESM5;MOESM6,B-Lympho;B-lympho,2,TRUE,TRUE,FALSE
B_LYMPHOCYTE,B lymphocyte,BROAD_CELL_TYPE,IGKC,MOESM5,B-lympho,,2,MOESM5,B-lympho,1,TRUE,TRUE,FALSE
B_LYMPHOCYTE,B lymphocyte,BROAD_CELL_TYPE,IGLC3,MOESM5,B-lympho,,10,MOESM5,B-lympho,1,TRUE,TRUE,FALSE
B_LYMPHOCYTE,B lymphocyte,BROAD_CELL_TYPE,LTB,MOESM6,B-Lympho,,2,MOESM5;MOESM6,B-Lympho;B-lympho,2,TRUE,TRUE,FALSE
B_LYMPHOCYTE,B lymphocyte,BROAD_CELL_TYPE,MS4A1,MOESM6,B-Lympho,,3,MOESM5;MOESM6,B-Lympho;B-lympho,2,TRUE,TRUE,FALSE
CD14_MONOCYTE,CD14+ monocyte,BROAD_CELL_TYPE,AIF1,MOESM5,CD14-Mono,,10,MOESM5,CD14-Mono,1,TRUE,TRUE,FALSE
CD14_MONOCYTE,CD14+ monocyte,BROAD_CELL_TYPE,CTSS,MOESM5,CD14-Mono,,5,MOESM5,CD14-Mono,1,TRUE,TRUE,FALSE
CD14_MONOCYTE,CD14+ monocyte,BROAD_CELL_TYPE,FCN1,MOESM5,CD14-Mono,,4,MOESM5,CD14-Mono,1,TRUE,TRUE,FALSE
CD14_MONOCYTE,CD14+ monocyte,BROAD_CELL_TYPE,LYZ,MOESM5,CD14-Mono,,2,MOESM5,CD14-Mono,1,TRUE,TRUE,FALSE
CD14_MONOCYTE,CD14+ monocyte,BROAD_CELL_TYPE,MNDA,MOESM5,CD14-Mono,,6,MOESM5,CD14-Mono,1,TRUE,TRUE,FALSE
CD14_MONOCYTE,CD14+ monocyte,BROAD_CELL_TYPE,S100A12,MOESM5,CD14-Mono,,7,MOESM5,CD14-Mono,1,TRUE,TRUE,FALSE
CD14_MONOCYTE,CD14+ monocyte,BROAD_CELL_TYPE,S100A8,MOESM5,CD14-Mono,,3,MOESM5,CD14-Mono,1,TRUE,TRUE,FALSE
CD14_MONOCYTE,CD14+ monocyte,BROAD_CELL_TYPE,S100A9,MOESM5,CD14-Mono,,1,MOESM5,CD14-Mono,1,TRUE,TRUE,FALSE
CD14_MONOCYTE,CD14+ monocyte,BROAD_CELL_TYPE,TYROBP,MOESM5,CD14-Mono,,9,MOESM5,CD14-Mono,1,TRUE,TRUE,FALSE
CD14_MONOCYTE,CD14+ monocyte,BROAD_CELL_TYPE,VCAN,MOESM5,CD14-Mono,,8,MOESM5,CD14-Mono,1,TRUE,TRUE,FALSE
CD16_MONOCYTE,CD16+ monocyte,BROAD_CELL_TYPE,AIF1,MOESM5,CD16-Mono,,3,MOESM5,CD16-Mono,1,TRUE,TRUE,FALSE
CD16_MONOCYTE,CD16+ monocyte,BROAD_CELL_TYPE,CDKN1C,MOESM5,CD16-Mono,,7,MOESM5,CD16-Mono,1,TRUE,TRUE,FALSE
CD16_MONOCYTE,CD16+ monocyte,BROAD_CELL_TYPE,COTL1,MOESM5,CD16-Mono,,5,MOESM5,CD16-Mono,1,TRUE,TRUE,FALSE
CD16_MONOCYTE,CD16+ monocyte,BROAD_CELL_TYPE,CTSS,MOESM5,CD16-Mono,,6,MOESM5,CD16-Mono,1,TRUE,TRUE,FALSE
CD16_MONOCYTE,CD16+ monocyte,BROAD_CELL_TYPE,FCER1G,MOESM5,CD16-Mono,,4,MOESM5,CD16-Mono,1,TRUE,TRUE,FALSE
CD16_MONOCYTE,CD16+ monocyte,BROAD_CELL_TYPE,FCGR3A,MOESM5,CD16-Mono,,2,MOESM5,CD16-Mono,1,TRUE,TRUE,FALSE
CD16_MONOCYTE,CD16+ monocyte,BROAD_CELL_TYPE,LST1,MOESM5,CD16-Mono,,1,MOESM5,CD16-Mono,1,TRUE,TRUE,FALSE
CD16_MONOCYTE,CD16+ monocyte,BROAD_CELL_TYPE,MS4A7,MOESM5,CD16-Mono,,8,MOESM5,CD16-Mono,1,TRUE,TRUE,FALSE
CD16_MONOCYTE,CD16+ monocyte,BROAD_CELL_TYPE,SERPINA1,MOESM5,CD16-Mono,,10,MOESM5,CD16-Mono,1,TRUE,TRUE,FALSE
CD16_MONOCYTE,CD16+ monocyte,BROAD_CELL_TYPE,TYROBP,MOESM5,CD16-Mono,,9,MOESM5,CD16-Mono,1,TRUE,TRUE,FALSE
DENDRITIC_CELL,Dendritic/Langerhans cell,BROAD_CELL_TYPE,ALOX5AP,MOESM5,DCs,,7,MOESM5,DCs,1,TRUE,TRUE,FALSE
DENDRITIC_CELL,Dendritic/Langerhans cell,BROAD_CELL_TYPE,CCDC50,MOESM5,DCs,,8,MOESM5,DCs,1,TRUE,TRUE,FALSE
DENDRITIC_CELL,Dendritic/Langerhans cell,BROAD_CELL_TYPE,GZMB,MOESM5,DCs,,1,MOESM5,DCs,1,TRUE,TRUE,FALSE
DENDRITIC_CELL,Dendritic/Langerhans cell,BROAD_CELL_TYPE,IRF7,MOESM5,DCs,,3,MOESM5,DCs,1,TRUE,TRUE,FALSE
DENDRITIC_CELL,Dendritic/Langerhans cell,BROAD_CELL_TYPE,IRF8,MOESM5,DCs,,4,MOESM5,DCs,1,TRUE,TRUE,FALSE
DENDRITIC_CELL,Dendritic/Langerhans cell,BROAD_CELL_TYPE,ITM2C,MOESM5,DCs,,9,MOESM5,DCs,1,TRUE,TRUE,FALSE
DENDRITIC_CELL,Dendritic/Langerhans cell,BROAD_CELL_TYPE,JCHAIN,MOESM5,DCs,,2,MOESM5,DCs,1,TRUE,TRUE,FALSE
DENDRITIC_CELL,Dendritic/Langerhans cell,BROAD_CELL_TYPE,PLAC8,MOESM5,DCs,,5,MOESM5,DCs,1,TRUE,TRUE,FALSE
DENDRITIC_CELL,Dendritic/Langerhans cell,BROAD_CELL_TYPE,PLD4,MOESM5,DCs,,6,MOESM5,DCs,1,TRUE,TRUE,FALSE
DENDRITIC_CELL,Dendritic/Langerhans cell,BROAD_CELL_TYPE,PTGDS,MOESM5,DCs,,10,MOESM5,DCs,1,TRUE,TRUE,FALSE
DIFFERENTIATED_KERATINOCYTE,Differentiated keratinocyte,BROAD_CELL_TYPE,CALML5,MOESM6,DiffKera,,6,MOESM5;MOESM6,DiffKera,2,TRUE,TRUE,FALSE
DIFFERENTIATED_KERATINOCYTE,Differentiated keratinocyte,BROAD_CELL_TYPE,DMKN,MOESM6,DiffKera,,4,MOESM5;MOESM6,DiffKera,2,TRUE,TRUE,FALSE
DIFFERENTIATED_KERATINOCYTE,Differentiated keratinocyte,BROAD_CELL_TYPE,DSP,MOESM6,DiffKera,,9,MOESM5;MOESM6,DiffKera,2,TRUE,TRUE,FALSE
DIFFERENTIATED_KERATINOCYTE,Differentiated keratinocyte,BROAD_CELL_TYPE,KRT1,MOESM6,DiffKera,,1,MOESM5;MOESM6,DiffKera,2,TRUE,TRUE,FALSE
DIFFERENTIATED_KERATINOCYTE,Differentiated keratinocyte,BROAD_CELL_TYPE,KRT10,MOESM6,DiffKera,,2,MOESM5;MOESM6,DiffKera,2,TRUE,TRUE,FALSE
DIFFERENTIATED_KERATINOCYTE,Differentiated keratinocyte,BROAD_CELL_TYPE,KRT2,MOESM6,DiffKera,,3,MOESM5;MOESM6,DiffKera,2,TRUE,TRUE,FALSE
DIFFERENTIATED_KERATINOCYTE,Differentiated keratinocyte,BROAD_CELL_TYPE,KRTDAP,MOESM6,DiffKera,,5,MOESM5;MOESM6,DiffKera,2,TRUE,TRUE,FALSE
DIFFERENTIATED_KERATINOCYTE,Differentiated keratinocyte,BROAD_CELL_TYPE,LGALS7B,MOESM6,DiffKera,,7,MOESM5;MOESM6,DiffKera,2,TRUE,TRUE,FALSE
DIFFERENTIATED_KERATINOCYTE,Differentiated keratinocyte,BROAD_CELL_TYPE,LY6D,MOESM6,DiffKera,,8,MOESM6,DiffKera,1,TRUE,TRUE,FALSE
DIFFERENTIATED_KERATINOCYTE,Differentiated keratinocyte,BROAD_CELL_TYPE,PERP,MOESM6,DiffKera,,10,MOESM5;MOESM6,DiffKera,2,TRUE,TRUE,FALSE
DIFFERENTIATED_KERATINOCYTE,Differentiated keratinocyte,BROAD_CELL_TYPE,SBSN,MOESM5,DiffKera,,10,MOESM5,DiffKera,1,TRUE,TRUE,FALSE
ERYTHROCYTE,Erythrocyte,BROAD_CELL_TYPE,AHSP,MOESM5,Erytho,,7,MOESM5,Erytho,1,TRUE,TRUE,FALSE
ERYTHROCYTE,Erythrocyte,BROAD_CELL_TYPE,ALAS2,MOESM5,Erytho,,5,MOESM5,Erytho,1,TRUE,TRUE,FALSE
ERYTHROCYTE,Erythrocyte,BROAD_CELL_TYPE,CA1,MOESM5,Erytho,,9,MOESM5,Erytho,1,TRUE,TRUE,FALSE
ERYTHROCYTE,Erythrocyte,BROAD_CELL_TYPE,HBA1,MOESM5,Erytho,,3,MOESM5,Erytho,1,TRUE,TRUE,FALSE
ERYTHROCYTE,Erythrocyte,BROAD_CELL_TYPE,HBA2,MOESM5,Erytho,,2,MOESM5,Erytho,1,TRUE,TRUE,FALSE
ERYTHROCYTE,Erythrocyte,BROAD_CELL_TYPE,HBB,MOESM5,Erytho,,1,MOESM5,Erytho,1,TRUE,TRUE,FALSE
ERYTHROCYTE,Erythrocyte,BROAD_CELL_TYPE,HBD,MOESM5,Erytho,,4,MOESM5,Erytho,1,TRUE,TRUE,FALSE
ERYTHROCYTE,Erythrocyte,BROAD_CELL_TYPE,HBM,MOESM5,Erytho,,8,MOESM5,Erytho,1,TRUE,TRUE,FALSE
ERYTHROCYTE,Erythrocyte,BROAD_CELL_TYPE,SNCA,MOESM5,Erytho,,6,MOESM5,Erytho,1,TRUE,TRUE,FALSE
ERYTHROCYTE,Erythrocyte,BROAD_CELL_TYPE,UBB,MOESM5,Erytho,,10,MOESM5,Erytho,1,TRUE,TRUE,FALSE
FIBROBLAST,Fibroblast,BROAD_CELL_TYPE,APOD,MOESM6,Fibro,,2,MOESM5;MOESM6,Fibro,2,TRUE,TRUE,FALSE
FIBROBLAST,Fibroblast,BROAD_CELL_TYPE,CFD,MOESM6,Fibro,,1,MOESM5;MOESM6,Fibro,2,TRUE,TRUE,FALSE
FIBROBLAST,Fibroblast,BROAD_CELL_TYPE,COL1A1,MOESM5,Fibro,,4,MOESM5,Fibro,1,TRUE,TRUE,FALSE
FIBROBLAST,Fibroblast,BROAD_CELL_TYPE,COL1A2,MOESM5,Fibro,,5,MOESM5,Fibro,1,TRUE,TRUE,FALSE
FIBROBLAST,Fibroblast,BROAD_CELL_TYPE,COL3A1,MOESM5,Fibro,,7,MOESM5,Fibro,1,TRUE,TRUE,FALSE
FIBROBLAST,Fibroblast,BROAD_CELL_TYPE,COMP,MOESM6,Fibro,,8,MOESM5;MOESM6,Fibro,2,TRUE,TRUE,FALSE
FIBROBLAST,Fibroblast,BROAD_CELL_TYPE,CXCL14,MOESM6,Fibro,,5,MOESM5;MOESM6,Fibro,2,TRUE,TRUE,FALSE
FIBROBLAST,Fibroblast,BROAD_CELL_TYPE,DCN,MOESM6,Fibro,,4,MOESM5;MOESM6,Fibro,2,TRUE,TRUE,FALSE
FIBROBLAST,Fibroblast,BROAD_CELL_TYPE,FBLN1,MOESM6,Fibro,,9,MOESM6,Fibro,1,TRUE,TRUE,FALSE
FIBROBLAST,Fibroblast,BROAD_CELL_TYPE,GSN,MOESM6,Fibro,,10,MOESM6,Fibro,1,TRUE,TRUE,FALSE
FIBROBLAST,Fibroblast,BROAD_CELL_TYPE,PLA2G2A,MOESM6,Fibro,,3,MOESM6,Fibro,1,TRUE,TRUE,FALSE
FIBROBLAST,Fibroblast,BROAD_CELL_TYPE,PTGDS,MOESM6,Fibro,,6,MOESM5;MOESM6,Fibro,2,TRUE,TRUE,FALSE
FIBROBLAST,Fibroblast,BROAD_CELL_TYPE,SFRP2,MOESM6,Fibro,,7,MOESM5;MOESM6,Fibro,2,TRUE,TRUE,FALSE
HEALING_ASSOCIATED_FIBROBLAST_STATE,Healing-associated fibroblast state,SOURCE_DEFINED_STATE,ASPN,MOESM6,HE-Fibro,,3,MOESM6,HE-Fibro,1,TRUE,TRUE,FALSE
HEALING_ASSOCIATED_FIBROBLAST_STATE,Healing-associated fibroblast state,SOURCE_DEFINED_STATE,CHI3L1,MOESM5,HE-Fibro,,3,MOESM5,HE-Fibro,1,TRUE,TRUE,FALSE
HEALING_ASSOCIATED_FIBROBLAST_STATE,Healing-associated fibroblast state,SOURCE_DEFINED_STATE,CHI3L2,MOESM5,HE-Fibro,,8,MOESM5,HE-Fibro,1,TRUE,TRUE,FALSE
HEALING_ASSOCIATED_FIBROBLAST_STATE,Healing-associated fibroblast state,SOURCE_DEFINED_STATE,COL12A1,MOESM6,HE-Fibro,,7,MOESM6,HE-Fibro,1,TRUE,TRUE,FALSE
HEALING_ASSOCIATED_FIBROBLAST_STATE,Healing-associated fibroblast state,SOURCE_DEFINED_STATE,COL1A1,MOESM6,HE-Fibro,,2,MOESM6,HE-Fibro,1,TRUE,TRUE,FALSE
HEALING_ASSOCIATED_FIBROBLAST_STATE,Healing-associated fibroblast state,SOURCE_DEFINED_STATE,COL1A2,MOESM6,HE-Fibro,,6,MOESM6,HE-Fibro,1,TRUE,TRUE,FALSE
HEALING_ASSOCIATED_FIBROBLAST_STATE,Healing-associated fibroblast state,SOURCE_DEFINED_STATE,COL3A1,MOESM6,HE-Fibro,,5,MOESM6,HE-Fibro,1,TRUE,TRUE,FALSE
HEALING_ASSOCIATED_FIBROBLAST_STATE,Healing-associated fibroblast state,SOURCE_DEFINED_STATE,FN1,MOESM6,HE-Fibro,,10,MOESM5;MOESM6,HE-Fibro,2,TRUE,TRUE,FALSE
HEALING_ASSOCIATED_FIBROBLAST_STATE,Healing-associated fibroblast state,SOURCE_DEFINED_STATE,FTH1,MOESM5,HE-Fibro,,6,MOESM5,HE-Fibro,1,TRUE,TRUE,FALSE
HEALING_ASSOCIATED_FIBROBLAST_STATE,Healing-associated fibroblast state,SOURCE_DEFINED_STATE,LUM,MOESM6,HE-Fibro,,9,MOESM5;MOESM6,HE-Fibro,2,TRUE,TRUE,FALSE
HEALING_ASSOCIATED_FIBROBLAST_STATE,Healing-associated fibroblast state,SOURCE_DEFINED_STATE,MMP1,MOESM6,HE-Fibro,,1,MOESM5;MOESM6,HE-Fibro,2,TRUE,TRUE,FALSE
HEALING_ASSOCIATED_FIBROBLAST_STATE,Healing-associated fibroblast state,SOURCE_DEFINED_STATE,MT2A,MOESM5,HE-Fibro,,9,MOESM5,HE-Fibro,1,TRUE,TRUE,FALSE
HEALING_ASSOCIATED_FIBROBLAST_STATE,Healing-associated fibroblast state,SOURCE_DEFINED_STATE,PLA2G2A,MOESM5,HE-Fibro,,1,MOESM5,HE-Fibro,1,TRUE,TRUE,FALSE
HEALING_ASSOCIATED_FIBROBLAST_STATE,Healing-associated fibroblast state,SOURCE_DEFINED_STATE,POSTN,MOESM6,HE-Fibro,,4,MOESM6,HE-Fibro,1,TRUE,TRUE,FALSE
HEALING_ASSOCIATED_FIBROBLAST_STATE,Healing-associated fibroblast state,SOURCE_DEFINED_STATE,SFRP4,MOESM5,HE-Fibro,,5,MOESM5,HE-Fibro,1,TRUE,TRUE,FALSE
HEALING_ASSOCIATED_FIBROBLAST_STATE,Healing-associated fibroblast state,SOURCE_DEFINED_STATE,TIMP1,MOESM5,HE-Fibro,,4,MOESM5,HE-Fibro,1,TRUE,TRUE,FALSE
HEALING_ASSOCIATED_FIBROBLAST_STATE,Healing-associated fibroblast state,SOURCE_DEFINED_STATE,TNC,MOESM6,HE-Fibro,,8,MOESM6,HE-Fibro,1,TRUE,TRUE,FALSE
LYMPHATIC_ENDOTHELIAL,Lymphatic endothelial cell,BROAD_CELL_TYPE,CAVIN2,MOESM6,LymphEndo,,8,MOESM5;MOESM6,LymphEndo,2,TRUE,TRUE,FALSE
LYMPHATIC_ENDOTHELIAL,Lymphatic endothelial cell,BROAD_CELL_TYPE,CCL21,MOESM6,LymphEndo,,1,MOESM5;MOESM6,LymphEndo,2,TRUE,TRUE,FALSE
LYMPHATIC_ENDOTHELIAL,Lymphatic endothelial cell,BROAD_CELL_TYPE,CLDN5,MOESM6,LymphEndo,,4,MOESM5;MOESM6,LymphEndo,2,TRUE,TRUE,FALSE
LYMPHATIC_ENDOTHELIAL,Lymphatic endothelial cell,BROAD_CELL_TYPE,GNG11,MOESM6,LymphEndo,,5,MOESM5;MOESM6,LymphEndo,2,TRUE,TRUE,FALSE
LYMPHATIC_ENDOTHELIAL,Lymphatic endothelial cell,BROAD_CELL_TYPE,LMO2,MOESM6,LymphEndo,,10,MOESM5;MOESM6,LymphEndo,2,TRUE,TRUE,FALSE
LYMPHATIC_ENDOTHELIAL,Lymphatic endothelial cell,BROAD_CELL_TYPE,LYVE1,MOESM5,LymphEndo,,9,MOESM5,LymphEndo,1,TRUE,TRUE,FALSE
LYMPHATIC_ENDOTHELIAL,Lymphatic endothelial cell,BROAD_CELL_TYPE,MMRN1,MOESM6,LymphEndo,,3,MOESM5;MOESM6,LymphEndo,2,TRUE,TRUE,FALSE
LYMPHATIC_ENDOTHELIAL,Lymphatic endothelial cell,BROAD_CELL_TYPE,PPFIBP1,MOESM6,LymphEndo,,7,MOESM5;MOESM6,LymphEndo,2,TRUE,TRUE,FALSE
LYMPHATIC_ENDOTHELIAL,Lymphatic endothelial cell,BROAD_CELL_TYPE,PROX1,MOESM6,LymphEndo,,9,MOESM6,LymphEndo,1,TRUE,TRUE,FALSE
LYMPHATIC_ENDOTHELIAL,Lymphatic endothelial cell,BROAD_CELL_TYPE,TFF3,MOESM6,LymphEndo,,2,MOESM5;MOESM6,LymphEndo,2,TRUE,TRUE,FALSE
LYMPHATIC_ENDOTHELIAL,Lymphatic endothelial cell,BROAD_CELL_TYPE,TFPI,MOESM6,LymphEndo,,6,MOESM5;MOESM6,LymphEndo,2,TRUE,TRUE,FALSE
M1_LIKE_MACROPHAGE,M1-like macrophage,SOURCE_DEFINED_STATE,CD74,MOESM6,M1-Macro,,10,MOESM5;MOESM6,M1-Macro,2,TRUE,TRUE,FALSE
M1_LIKE_MACROPHAGE,M1-like macrophage,SOURCE_DEFINED_STATE,CXCL8,MOESM6,M1-Macro,,5,MOESM5;MOESM6,M1-Macro,2,TRUE,TRUE,FALSE
M1_LIKE_MACROPHAGE,M1-like macrophage,SOURCE_DEFINED_STATE,G0S2,MOESM5,M1-Macro,,10,MOESM5,M1-Macro,1,TRUE,TRUE,FALSE
M1_LIKE_MACROPHAGE,M1-like macrophage,SOURCE_DEFINED_STATE,HLA-DPA1,MOESM6,M1-Macro,,7,MOESM5;MOESM6,M1-Macro,2,TRUE,TRUE,FALSE
M1_LIKE_MACROPHAGE,M1-like macrophage,SOURCE_DEFINED_STATE,HLA-DPB1,MOESM6,M1-Macro,,4,MOESM5;MOESM6,M1-Macro,2,TRUE,TRUE,FALSE
M1_LIKE_MACROPHAGE,M1-like macrophage,SOURCE_DEFINED_STATE,HLA-DQA1,MOESM6,M1-Macro,,9,MOESM5;MOESM6,M1-Macro,2,TRUE,TRUE,FALSE
M1_LIKE_MACROPHAGE,M1-like macrophage,SOURCE_DEFINED_STATE,HLA-DQB1,MOESM5,M1-Macro,,8,MOESM5,M1-Macro,1,TRUE,TRUE,FALSE
M1_LIKE_MACROPHAGE,M1-like macrophage,SOURCE_DEFINED_STATE,HLA-DRA,MOESM6,M1-Macro,,3,MOESM5;MOESM6,M1-Macro,2,TRUE,TRUE,FALSE
M1_LIKE_MACROPHAGE,M1-like macrophage,SOURCE_DEFINED_STATE,HLA-DRB1,MOESM6,M1-Macro,,6,MOESM5;MOESM6,M1-Macro,2,TRUE,TRUE,FALSE
M1_LIKE_MACROPHAGE,M1-like macrophage,SOURCE_DEFINED_STATE,IL1B,MOESM6,M1-Macro,,2,MOESM5;MOESM6,M1-Macro,2,TRUE,TRUE,FALSE
M1_LIKE_MACROPHAGE,M1-like macrophage,SOURCE_DEFINED_STATE,LYZ,MOESM6,M1-Macro,,1,MOESM6,M1-Macro,1,TRUE,TRUE,FALSE
M1_LIKE_MACROPHAGE,M1-like macrophage,SOURCE_DEFINED_STATE,SRGN,MOESM6,M1-Macro,,8,MOESM6,M1-Macro,1,TRUE,TRUE,FALSE
M2_LIKE_MACROPHAGE,M2-like macrophage,SOURCE_DEFINED_STATE,AIF1,MOESM6,M2-Macro,,9,MOESM6,M2-Macro,1,TRUE,TRUE,FALSE
M2_LIKE_MACROPHAGE,M2-like macrophage,SOURCE_DEFINED_STATE,C1QA,MOESM6,M2-Macro,,2,MOESM5;MOESM6,M2-Macro,2,TRUE,TRUE,FALSE
M2_LIKE_MACROPHAGE,M2-like macrophage,SOURCE_DEFINED_STATE,C1QB,MOESM6,M2-Macro,,3,MOESM5;MOESM6,M2-Macro,2,TRUE,TRUE,FALSE
M2_LIKE_MACROPHAGE,M2-like macrophage,SOURCE_DEFINED_STATE,C1QC,MOESM6,M2-Macro,,5,MOESM5;MOESM6,M2-Macro,2,TRUE,TRUE,FALSE
M2_LIKE_MACROPHAGE,M2-like macrophage,SOURCE_DEFINED_STATE,CCL18,MOESM5,M2-Macro,,9,MOESM5,M2-Macro,1,TRUE,TRUE,FALSE
M2_LIKE_MACROPHAGE,M2-like macrophage,SOURCE_DEFINED_STATE,CCL3,MOESM5,M2-Macro,,6,MOESM5,M2-Macro,1,TRUE,TRUE,FALSE
M2_LIKE_MACROPHAGE,M2-like macrophage,SOURCE_DEFINED_STATE,CD14,MOESM6,M2-Macro,,8,MOESM6,M2-Macro,1,TRUE,TRUE,FALSE
M2_LIKE_MACROPHAGE,M2-like macrophage,SOURCE_DEFINED_STATE,CD74,MOESM6,M2-Macro,,7,MOESM5;MOESM6,M2-Macro,2,TRUE,TRUE,FALSE
M2_LIKE_MACROPHAGE,M2-like macrophage,SOURCE_DEFINED_STATE,FOLR2,MOESM5,M2-Macro,,10,MOESM5,M2-Macro,1,TRUE,TRUE,FALSE
M2_LIKE_MACROPHAGE,M2-like macrophage,SOURCE_DEFINED_STATE,FTL,MOESM6,M2-Macro,,6,MOESM5;MOESM6,M2-Macro,2,TRUE,TRUE,FALSE
M2_LIKE_MACROPHAGE,M2-like macrophage,SOURCE_DEFINED_STATE,HLA-DRA,MOESM6,M2-Macro,,10,MOESM6,M2-Macro,1,TRUE,TRUE,FALSE
M2_LIKE_MACROPHAGE,M2-like macrophage,SOURCE_DEFINED_STATE,RNASE1,MOESM6,M2-Macro,,1,MOESM5;MOESM6,M2-Macro,2,TRUE,TRUE,FALSE
M2_LIKE_MACROPHAGE,M2-like macrophage,SOURCE_DEFINED_STATE,SELENOP,MOESM6,M2-Macro,,4,MOESM5;MOESM6,M2-Macro,2,TRUE,TRUE,FALSE
MAST_CELL,Mast cell,BROAD_CELL_TYPE,ANXA1,MOESM5,Mast,,10,MOESM5,Mast,1,TRUE,TRUE,FALSE
MAST_CELL,Mast cell,BROAD_CELL_TYPE,CPA3,MOESM6,Mast,,6,MOESM5;MOESM6,Mast,2,TRUE,TRUE,FALSE
MAST_CELL,Mast cell,BROAD_CELL_TYPE,CTSG,MOESM6,Mast,,3,MOESM5;MOESM6,Mast,2,TRUE,TRUE,FALSE
MAST_CELL,Mast cell,BROAD_CELL_TYPE,GATA2,MOESM6,Mast,,7,MOESM5;MOESM6,Mast,2,TRUE,TRUE,FALSE
MAST_CELL,Mast cell,BROAD_CELL_TYPE,HPGD,MOESM6,Mast,,4,MOESM5;MOESM6,Mast,2,TRUE,TRUE,FALSE
MAST_CELL,Mast cell,BROAD_CELL_TYPE,HPGDS,MOESM6,Mast,,5,MOESM5;MOESM6,Mast,2,TRUE,TRUE,FALSE
MAST_CELL,Mast cell,BROAD_CELL_TYPE,LGALS3,MOESM6,Mast,,9,MOESM5;MOESM6,Mast,2,TRUE,TRUE,FALSE
MAST_CELL,Mast cell,BROAD_CELL_TYPE,MS4A2,MOESM6,Mast,,8,MOESM5;MOESM6,Mast,2,TRUE,TRUE,FALSE
MAST_CELL,Mast cell,BROAD_CELL_TYPE,SERPINB1,MOESM6,Mast,,10,MOESM6,Mast,1,TRUE,TRUE,FALSE
MAST_CELL,Mast cell,BROAD_CELL_TYPE,TPSAB1,MOESM6,Mast,,2,MOESM5;MOESM6,Mast,2,TRUE,TRUE,FALSE
MAST_CELL,Mast cell,BROAD_CELL_TYPE,TPSB2,MOESM6,Mast,,1,MOESM5;MOESM6,Mast,2,TRUE,TRUE,FALSE
MELANOCYTE_SCHWANN_COMBINED,Melanocyte/Schwann combined,BROAD_CELL_TYPE,APOE,MOESM6,Melano,MELANOCYTE,8,MOESM6,Melano,1,TRUE,TRUE,FALSE
MELANOCYTE_SCHWANN_COMBINED,Melanocyte/Schwann combined,BROAD_CELL_TYPE,CDH19,MOESM6,Schwann,SCHWANN,6,MOESM6,Schwann,1,TRUE,TRUE,FALSE
MELANOCYTE_SCHWANN_COMBINED,Melanocyte/Schwann combined,BROAD_CELL_TYPE,CRYAB,MOESM6,Schwann,SCHWANN,8,MOESM6,Schwann,1,TRUE,TRUE,FALSE
MELANOCYTE_SCHWANN_COMBINED,Melanocyte/Schwann combined,BROAD_CELL_TYPE,CYB561A3,MOESM6,Melano,MELANOCYTE,6,MOESM5;MOESM6,Melano;Melano/Scwann,2,TRUE,TRUE,FALSE
MELANOCYTE_SCHWANN_COMBINED,Melanocyte/Schwann combined,BROAD_CELL_TYPE,DCT,MOESM6,Melano,MELANOCYTE,1,MOESM5;MOESM6,Melano;Melano/Scwann,2,TRUE,TRUE,FALSE
MELANOCYTE_SCHWANN_COMBINED,Melanocyte/Schwann combined,BROAD_CELL_TYPE,GPM6B,MOESM6,Schwann,SCHWANN,3,MOESM5;MOESM6,Melano/Scwann;Schwann,2,TRUE,TRUE,FALSE
MELANOCYTE_SCHWANN_COMBINED,Melanocyte/Schwann combined,BROAD_CELL_TYPE,MBP,MOESM6,Schwann,SCHWANN,10,MOESM6,Schwann,1,TRUE,TRUE,FALSE
MELANOCYTE_SCHWANN_COMBINED,Melanocyte/Schwann combined,BROAD_CELL_TYPE,MFSD12,MOESM6,Melano,MELANOCYTE,9,MOESM5;MOESM6,Melano;Melano/Scwann,2,TRUE,TRUE,FALSE
MELANOCYTE_SCHWANN_COMBINED,Melanocyte/Schwann combined,BROAD_CELL_TYPE,MITF,MOESM6,Melano,MELANOCYTE,7,MOESM6,Melano,1,TRUE,TRUE,FALSE
MELANOCYTE_SCHWANN_COMBINED,Melanocyte/Schwann combined,BROAD_CELL_TYPE,MLANA,MOESM6,Melano,MELANOCYTE,4,MOESM5;MOESM6,Melano;Melano/Scwann,2,TRUE,TRUE,FALSE
MELANOCYTE_SCHWANN_COMBINED,Melanocyte/Schwann combined,BROAD_CELL_TYPE,MPZ,MOESM6,Schwann,SCHWANN,1,MOESM6,Schwann,1,TRUE,TRUE,FALSE
MELANOCYTE_SCHWANN_COMBINED,Melanocyte/Schwann combined,BROAD_CELL_TYPE,NRXN1,MOESM6,Schwann,SCHWANN,4,MOESM6,Schwann,1,TRUE,TRUE,FALSE
MELANOCYTE_SCHWANN_COMBINED,Melanocyte/Schwann combined,BROAD_CELL_TYPE,PLP1,MOESM6,Schwann,SCHWANN,5,MOESM5;MOESM6,Melano;Melano/Scwann;Schwann,3,TRUE,TRUE,FALSE
MELANOCYTE_SCHWANN_COMBINED,Melanocyte/Schwann combined,BROAD_CELL_TYPE,PMEL,MOESM6,Melano,MELANOCYTE,3,MOESM5;MOESM6,Melano;Melano/Scwann,2,TRUE,TRUE,FALSE
MELANOCYTE_SCHWANN_COMBINED,Melanocyte/Schwann combined,BROAD_CELL_TYPE,PMP22,MOESM6,Schwann,SCHWANN,9,MOESM5;MOESM6,Melano/Scwann;Schwann,2,TRUE,TRUE,FALSE
MELANOCYTE_SCHWANN_COMBINED,Melanocyte/Schwann combined,BROAD_CELL_TYPE,QPCT,MOESM6,Melano,MELANOCYTE,5,MOESM5;MOESM6,Melano;Melano/Scwann,2,TRUE,TRUE,FALSE
MELANOCYTE_SCHWANN_COMBINED,Melanocyte/Schwann combined,BROAD_CELL_TYPE,S100B,MOESM6,Schwann,SCHWANN,2,MOESM6,Schwann,1,TRUE,TRUE,FALSE
MELANOCYTE_SCHWANN_COMBINED,Melanocyte/Schwann combined,BROAD_CELL_TYPE,TYRP1,MOESM6,Melano,MELANOCYTE,2,MOESM5;MOESM6,Melano;Melano/Scwann,2,TRUE,TRUE,FALSE
MELANOCYTE_SCHWANN_COMBINED,Melanocyte/Schwann combined,BROAD_CELL_TYPE,VWA1,MOESM6,Schwann,SCHWANN,7,MOESM6,Schwann,1,TRUE,TRUE,FALSE
NATURAL_KILLER,Natural killer cell,BROAD_CELL_TYPE,CCL4,MOESM5,NK,,9,MOESM5,NK,1,TRUE,TRUE,FALSE
NATURAL_KILLER,Natural killer cell,BROAD_CELL_TYPE,CCL5,MOESM5,NK,,3,MOESM5,NK,1,TRUE,TRUE,FALSE
NATURAL_KILLER,Natural killer cell,BROAD_CELL_TYPE,CST7,MOESM5,NK,,6,MOESM5,NK,1,TRUE,TRUE,FALSE
NATURAL_KILLER,Natural killer cell,BROAD_CELL_TYPE,FGFBP2,MOESM5,NK,,7,MOESM5,NK,1,TRUE,TRUE,FALSE
NATURAL_KILLER,Natural killer cell,BROAD_CELL_TYPE,GNLY,MOESM5,NK,,1,MOESM5,NK,1,TRUE,TRUE,FALSE
NATURAL_KILLER,Natural killer cell,BROAD_CELL_TYPE,GZMA,MOESM5,NK,,5,MOESM5,NK,1,TRUE,TRUE,FALSE
NATURAL_KILLER,Natural killer cell,BROAD_CELL_TYPE,GZMB,MOESM5,NK,,4,MOESM5,NK,1,TRUE,TRUE,FALSE
NATURAL_KILLER,Natural killer cell,BROAD_CELL_TYPE,GZMH,MOESM5,NK,,10,MOESM5,NK,1,TRUE,TRUE,FALSE
NATURAL_KILLER,Natural killer cell,BROAD_CELL_TYPE,NKG7,MOESM5,NK,,2,MOESM5,NK,1,TRUE,TRUE,FALSE
NATURAL_KILLER,Natural killer cell,BROAD_CELL_TYPE,PRF1,MOESM5,NK,,8,MOESM5,NK,1,TRUE,TRUE,FALSE
NKT,NKT cell,BROAD_CELL_TYPE,CCL3,MOESM6,NKT,,10,MOESM6,NKT,1,TRUE,TRUE,FALSE
NKT,NKT cell,BROAD_CELL_TYPE,CCL4,MOESM6,NKT,,4,MOESM6,NKT,1,TRUE,TRUE,FALSE
NKT,NKT cell,BROAD_CELL_TYPE,CCL5,MOESM6,NKT,,3,MOESM5;MOESM6,NKT,2,TRUE,TRUE,FALSE
NKT,NKT cell,BROAD_CELL_TYPE,CD3D,MOESM5,NKT,,7,MOESM5,NKT,1,TRUE,TRUE,FALSE
NKT,NKT cell,BROAD_CELL_TYPE,CD69,MOESM6,NKT,,7,MOESM6,NKT,1,TRUE,TRUE,FALSE
NKT,NKT cell,BROAD_CELL_TYPE,CST7,MOESM5,NKT,,8,MOESM5,NKT,1,TRUE,TRUE,FALSE
NKT,NKT cell,BROAD_CELL_TYPE,DUSP2,MOESM6,NKT,,6,MOESM6,NKT,1,TRUE,TRUE,FALSE
NKT,NKT cell,BROAD_CELL_TYPE,GNLY,MOESM6,NKT,,1,MOESM5;MOESM6,NKT,2,TRUE,TRUE,FALSE
NKT,NKT cell,BROAD_CELL_TYPE,GZMA,MOESM6,NKT,,9,MOESM5;MOESM6,NKT,2,TRUE,TRUE,FALSE
NKT,NKT cell,BROAD_CELL_TYPE,GZMH,MOESM5,NKT,,5,MOESM5,NKT,1,TRUE,TRUE,FALSE
NKT,NKT cell,BROAD_CELL_TYPE,GZMK,MOESM5,NKT,,9,MOESM5,NKT,1,TRUE,TRUE,FALSE
NKT,NKT cell,BROAD_CELL_TYPE,IL32,MOESM5,NKT,,4,MOESM5,NKT,1,TRUE,TRUE,FALSE
NKT,NKT cell,BROAD_CELL_TYPE,IL7R,MOESM5,NKT,,10,MOESM5,NKT,1,TRUE,TRUE,FALSE
NKT,NKT cell,BROAD_CELL_TYPE,NKG7,MOESM6,NKT,,2,MOESM5;MOESM6,NKT,2,TRUE,TRUE,FALSE
NKT,NKT cell,BROAD_CELL_TYPE,XCL1,MOESM6,NKT,,8,MOESM6,NKT,1,TRUE,TRUE,FALSE
NKT,NKT cell,BROAD_CELL_TYPE,XCL2,MOESM6,NKT,,5,MOESM6,NKT,1,TRUE,TRUE,FALSE
PLASMA_CELL,Plasma cell,BROAD_CELL_TYPE,IGHA1,MOESM6,Plasma,,3,MOESM5;MOESM6,Plasma,2,TRUE,TRUE,FALSE
PLASMA_CELL,Plasma cell,BROAD_CELL_TYPE,IGHG1,MOESM6,Plasma,,4,MOESM5;MOESM6,Plasma,2,TRUE,TRUE,FALSE
PLASMA_CELL,Plasma cell,BROAD_CELL_TYPE,IGHG2,MOESM6,Plasma,,6,MOESM5;MOESM6,Plasma,2,TRUE,TRUE,FALSE
PLASMA_CELL,Plasma cell,BROAD_CELL_TYPE,IGHG3,MOESM6,Plasma,,7,MOESM5;MOESM6,Plasma,2,TRUE,TRUE,FALSE
PLASMA_CELL,Plasma cell,BROAD_CELL_TYPE,IGHG4,MOESM6,Plasma,,9,MOESM5;MOESM6,Plasma,2,TRUE,TRUE,FALSE
PLASMA_CELL,Plasma cell,BROAD_CELL_TYPE,IGKC,MOESM6,Plasma,,1,MOESM5;MOESM6,Plasma,2,TRUE,TRUE,FALSE
PLASMA_CELL,Plasma cell,BROAD_CELL_TYPE,IGLC2,MOESM6,Plasma,,2,MOESM5;MOESM6,Plasma,2,TRUE,TRUE,FALSE
PLASMA_CELL,Plasma cell,BROAD_CELL_TYPE,IGLC3,MOESM6,Plasma,,5,MOESM5;MOESM6,Plasma,2,TRUE,TRUE,FALSE
PLASMA_CELL,Plasma cell,BROAD_CELL_TYPE,IGLC7,MOESM6,Plasma,,10,MOESM6,Plasma,1,TRUE,TRUE,FALSE
PLASMA_CELL,Plasma cell,BROAD_CELL_TYPE,JCHAIN,MOESM6,Plasma,,8,MOESM5;MOESM6,Plasma,2,TRUE,TRUE,FALSE
PLASMA_CELL,Plasma cell,BROAD_CELL_TYPE,MZB1,MOESM5,Plasma,,10,MOESM5,Plasma,1,TRUE,TRUE,FALSE
SMOOTH_MUSCLE,Smooth muscle cell,BROAD_CELL_TYPE,ACTA2,MOESM6,SMC1,SMC1,1,MOESM5;MOESM6,SMC1;SMCs,2,TRUE,TRUE,FALSE
SMOOTH_MUSCLE,Smooth muscle cell,BROAD_CELL_TYPE,C11orf96,MOESM6,SMC1,SMC1,6,MOESM5;MOESM6,SMC1;SMCs,2,TRUE,TRUE,FALSE
SMOOTH_MUSCLE,Smooth muscle cell,BROAD_CELL_TYPE,CALD1,MOESM6,SMC1,SMC1,9,MOESM5;MOESM6,SMC1;SMCs,2,TRUE,TRUE,FALSE
SMOOTH_MUSCLE,Smooth muscle cell,BROAD_CELL_TYPE,CENPF,MOESM6,SMC2,SMC2,1,MOESM6,SMC2,1,TRUE,TRUE,FALSE
SMOOTH_MUSCLE,Smooth muscle cell,BROAD_CELL_TYPE,H2AFZ,MOESM6,SMC2,SMC2,3,MOESM6,SMC2,1,TRUE,TRUE,FALSE
SMOOTH_MUSCLE,Smooth muscle cell,BROAD_CELL_TYPE,HIST1H4C,MOESM6,SMC2,SMC2,10,MOESM6,SMC2,1,TRUE,TRUE,FALSE
SMOOTH_MUSCLE,Smooth muscle cell,BROAD_CELL_TYPE,IGFBP7,MOESM5,SMCs,,8,MOESM5,SMCs,1,TRUE,TRUE,FALSE
SMOOTH_MUSCLE,Smooth muscle cell,BROAD_CELL_TYPE,MKI67,MOESM6,SMC2,SMC2,7,MOESM6,SMC2,1,TRUE,TRUE,FALSE
SMOOTH_MUSCLE,Smooth muscle cell,BROAD_CELL_TYPE,MYH11,MOESM6,SMC1,SMC1,7,MOESM5;MOESM6,SMC1;SMCs,2,TRUE,TRUE,FALSE
SMOOTH_MUSCLE,Smooth muscle cell,BROAD_CELL_TYPE,MYL9,MOESM6,SMC1,SMC1,5,MOESM5;MOESM6,SMC1;SMCs,2,TRUE,TRUE,FALSE
SMOOTH_MUSCLE,Smooth muscle cell,BROAD_CELL_TYPE,NDUFA4L2,MOESM6,SMC1,SMC1,8,MOESM6,SMC1,1,TRUE,TRUE,FALSE
SMOOTH_MUSCLE,Smooth muscle cell,BROAD_CELL_TYPE,NR2F2,MOESM6,SMC1,SMC1,10,MOESM6,SMC1,1,TRUE,TRUE,FALSE
SMOOTH_MUSCLE,Smooth muscle cell,BROAD_CELL_TYPE,PTTG1,MOESM6,SMC2,SMC2,2,MOESM6,SMC2,1,TRUE,TRUE,FALSE
SMOOTH_MUSCLE,Smooth muscle cell,BROAD_CELL_TYPE,RGS5,MOESM6,SMC1,SMC1,3,MOESM5;MOESM6,SMC1;SMCs,2,TRUE,TRUE,FALSE
SMOOTH_MUSCLE,Smooth muscle cell,BROAD_CELL_TYPE,STMN1,MOESM6,SMC2,SMC2,6,MOESM6,SMC2,1,TRUE,TRUE,FALSE
SMOOTH_MUSCLE,Smooth muscle cell,BROAD_CELL_TYPE,TAGLN,MOESM6,SMC1,SMC1,2,MOESM5;MOESM6,SMC1;SMCs,2,TRUE,TRUE,FALSE
SMOOTH_MUSCLE,Smooth muscle cell,BROAD_CELL_TYPE,TIMP1,MOESM6,SMC2,SMC2,9,MOESM6,SMC2,1,TRUE,TRUE,FALSE
SMOOTH_MUSCLE,Smooth muscle cell,BROAD_CELL_TYPE,TOP2A,MOESM6,SMC2,SMC2,5,MOESM6,SMC2,1,TRUE,TRUE,FALSE
SMOOTH_MUSCLE,Smooth muscle cell,BROAD_CELL_TYPE,TPM1,MOESM5,SMCs,,10,MOESM5,SMCs,1,TRUE,TRUE,FALSE
SMOOTH_MUSCLE,Smooth muscle cell,BROAD_CELL_TYPE,TPM2,MOESM6,SMC1,SMC1,4,MOESM5;MOESM6,SMC1;SMCs,2,TRUE,TRUE,FALSE
SMOOTH_MUSCLE,Smooth muscle cell,BROAD_CELL_TYPE,TUBA1B,MOESM6,SMC2,SMC2,4,MOESM6,SMC2,1,TRUE,TRUE,FALSE
SMOOTH_MUSCLE,Smooth muscle cell,BROAD_CELL_TYPE,UBE2S,MOESM6,SMC2,SMC2,8,MOESM6,SMC2,1,TRUE,TRUE,FALSE
SWEAT_SEBACEOUS,Sweat/sebaceous gland cell,BROAD_CELL_TYPE,AQP5,MOESM6,Sweat/Seba,,10,MOESM5;MOESM6,Sweat/Seba;Sweat/Sebo,2,TRUE,TRUE,FALSE
SWEAT_SEBACEOUS,Sweat/sebaceous gland cell,BROAD_CELL_TYPE,AZGP1,MOESM6,Sweat/Seba,,7,MOESM5;MOESM6,Sweat/Seba;Sweat/Sebo,2,TRUE,TRUE,FALSE
SWEAT_SEBACEOUS,Sweat/sebaceous gland cell,BROAD_CELL_TYPE,DCD,MOESM6,Sweat/Seba,,1,MOESM5;MOESM6,Sweat/Seba;Sweat/Sebo,2,TRUE,TRUE,FALSE
SWEAT_SEBACEOUS,Sweat/sebaceous gland cell,BROAD_CELL_TYPE,KRT19,MOESM6,Sweat/Seba,,8,MOESM5;MOESM6,Sweat/Seba;Sweat/Sebo,2,TRUE,TRUE,FALSE
SWEAT_SEBACEOUS,Sweat/sebaceous gland cell,BROAD_CELL_TYPE,KRT7,MOESM6,Sweat/Seba,,9,MOESM6,Sweat/Seba,1,TRUE,TRUE,FALSE
SWEAT_SEBACEOUS,Sweat/sebaceous gland cell,BROAD_CELL_TYPE,MUCL1,MOESM6,Sweat/Seba,,3,MOESM5;MOESM6,Sweat/Seba;Sweat/Sebo,2,TRUE,TRUE,FALSE
SWEAT_SEBACEOUS,Sweat/sebaceous gland cell,BROAD_CELL_TYPE,PIP,MOESM6,Sweat/Seba,,6,MOESM5;MOESM6,Sweat/Seba;Sweat/Sebo,2,TRUE,TRUE,FALSE
SWEAT_SEBACEOUS,Sweat/sebaceous gland cell,BROAD_CELL_TYPE,SCGB1B2P,MOESM6,Sweat/Seba,,4,MOESM5;MOESM6,Sweat/Seba;Sweat/Sebo,2,TRUE,TRUE,FALSE
SWEAT_SEBACEOUS,Sweat/sebaceous gland cell,BROAD_CELL_TYPE,SCGB1D2,MOESM6,Sweat/Seba,,5,MOESM5;MOESM6,Sweat/Seba;Sweat/Sebo,2,TRUE,TRUE,FALSE
SWEAT_SEBACEOUS,Sweat/sebaceous gland cell,BROAD_CELL_TYPE,SCGB2A2,MOESM6,Sweat/Seba,,2,MOESM5;MOESM6,Sweat/Seba;Sweat/Sebo,2,TRUE,TRUE,FALSE
SWEAT_SEBACEOUS,Sweat/sebaceous gland cell,BROAD_CELL_TYPE,SLC12A2,MOESM5,Sweat/Sebo,,10,MOESM5,Sweat/Sebo,1,TRUE,TRUE,FALSE
T_LYMPHOCYTE,T lymphocyte,BROAD_CELL_TYPE,CD3D,MOESM5,T-lympho,,6,MOESM5,T-lympho,1,TRUE,TRUE,FALSE
T_LYMPHOCYTE,T lymphocyte,BROAD_CELL_TYPE,CD52,MOESM6,T-Lympho,,4,MOESM5;MOESM6,T-Lympho;T-lympho,2,TRUE,TRUE,FALSE
T_LYMPHOCYTE,T lymphocyte,BROAD_CELL_TYPE,CD69,MOESM6,T-Lympho,,1,MOESM5;MOESM6,T-Lympho;T-lympho,2,TRUE,TRUE,FALSE
T_LYMPHOCYTE,T lymphocyte,BROAD_CELL_TYPE,CXCR4,MOESM6,T-Lympho,,3,MOESM5;MOESM6,T-Lympho;T-lympho,2,TRUE,TRUE,FALSE
T_LYMPHOCYTE,T lymphocyte,BROAD_CELL_TYPE,DUSP2,MOESM6,T-Lympho,,9,MOESM6,T-Lympho,1,TRUE,TRUE,FALSE
T_LYMPHOCYTE,T lymphocyte,BROAD_CELL_TYPE,IL32,MOESM6,T-Lympho,,2,MOESM5;MOESM6,T-Lympho;T-lympho,2,TRUE,TRUE,FALSE
T_LYMPHOCYTE,T lymphocyte,BROAD_CELL_TYPE,IL7R,MOESM6,T-Lympho,,7,MOESM5;MOESM6,T-Lympho;T-lympho,2,TRUE,TRUE,FALSE
T_LYMPHOCYTE,T lymphocyte,BROAD_CELL_TYPE,KLRB1,MOESM6,T-Lympho,,6,MOESM6,T-Lympho,1,TRUE,TRUE,FALSE
T_LYMPHOCYTE,T lymphocyte,BROAD_CELL_TYPE,LTB,MOESM6,T-Lympho,,5,MOESM5;MOESM6,T-Lympho;T-lympho,2,TRUE,TRUE,FALSE
T_LYMPHOCYTE,T lymphocyte,BROAD_CELL_TYPE,PTPRC,MOESM6,T-Lympho,,8,MOESM6,T-Lympho,1,TRUE,TRUE,FALSE
T_LYMPHOCYTE,T lymphocyte,BROAD_CELL_TYPE,TRAC,MOESM6,T-Lympho,,10,MOESM5;MOESM6,T-Lympho;T-lympho,2,TRUE,TRUE,FALSE
T_LYMPHOCYTE,T lymphocyte,BROAD_CELL_TYPE,TRBC1,MOESM5,T-lympho,,10,MOESM5,T-lympho,1,TRUE,TRUE,FALSE
T_LYMPHOCYTE,T lymphocyte,BROAD_CELL_TYPE,TRBC2,MOESM5,T-lympho,,7,MOESM5,T-lympho,1,TRUE,TRUE,FALSE
VASCULAR_ENDOTHELIAL,Vascular endothelial cell,BROAD_CELL_TYPE,ACKR1,MOESM6,VasEndo,,2,MOESM5;MOESM6,VasEndo,2,TRUE,TRUE,FALSE
VASCULAR_ENDOTHELIAL,Vascular endothelial cell,BROAD_CELL_TYPE,AQP1,MOESM6,VasEndo,,10,MOESM5;MOESM6,VasEndo,2,TRUE,TRUE,FALSE
VASCULAR_ENDOTHELIAL,Vascular endothelial cell,BROAD_CELL_TYPE,CLDN5,MOESM6,VasEndo,,4,MOESM5;MOESM6,VasEndo,2,TRUE,TRUE,FALSE
VASCULAR_ENDOTHELIAL,Vascular endothelial cell,BROAD_CELL_TYPE,GNG11,MOESM6,VasEndo,,8,MOESM5;MOESM6,VasEndo,2,TRUE,TRUE,FALSE
VASCULAR_ENDOTHELIAL,Vascular endothelial cell,BROAD_CELL_TYPE,IFI27,MOESM6,VasEndo,,1,MOESM5;MOESM6,VasEndo,2,TRUE,TRUE,FALSE
VASCULAR_ENDOTHELIAL,Vascular endothelial cell,BROAD_CELL_TYPE,PECAM1,MOESM6,VasEndo,,3,MOESM5;MOESM6,VasEndo,2,TRUE,TRUE,FALSE
VASCULAR_ENDOTHELIAL,Vascular endothelial cell,BROAD_CELL_TYPE,PLVAP,MOESM6,VasEndo,,5,MOESM5;MOESM6,VasEndo,2,TRUE,TRUE,FALSE
VASCULAR_ENDOTHELIAL,Vascular endothelial cell,BROAD_CELL_TYPE,RAMP2,MOESM6,VasEndo,,9,MOESM5;MOESM6,VasEndo,2,TRUE,TRUE,FALSE
VASCULAR_ENDOTHELIAL,Vascular endothelial cell,BROAD_CELL_TYPE,SOX18,MOESM6,VasEndo,,7,MOESM6,VasEndo,1,TRUE,TRUE,FALSE
VASCULAR_ENDOTHELIAL,Vascular endothelial cell,BROAD_CELL_TYPE,SPARCL1,MOESM5,VasEndo,,6,MOESM5,VasEndo,1,TRUE,TRUE,FALSE
VASCULAR_ENDOTHELIAL,Vascular endothelial cell,BROAD_CELL_TYPE,VWF,MOESM6,VasEndo,,6,MOESM5;MOESM6,VasEndo,2,TRUE,TRUE,FALSE
