object_id,path,size_bytes,sha256,source_archive_id,source_archive_relative_path,promotion_identity
M03ACC0001,closeout/M03_V3_ACCEPTANCE_QC.json,8003,ce6a68642c33863412b0375d04cb6b9a96471e8ca1ddb52d5c466e530c4f9ca6,DFU_PRR_2026__M03_WITHIN_STUDY_EFFECTS__v3,06_results/closeout/M03_V3_ACCEPTANCE_QC.json,BYTE_IDENTICAL_COPY_FROM_LOCKED_ARCHIVE
M03ACC0002,closeout/M03_V3_CLOSEOUT_OUTPUT_MANIFEST.csv,420,390f42840efa1fa43cd6cc599fca1036b6c770cfb18137895c5399ebeebee13c,DFU_PRR_2026__M03_WITHIN_STUDY_EFFECTS__v3,06_results/closeout/M03_V3_CLOSEOUT_OUTPUT_MANIFEST.csv,BYTE_IDENTICAL_COPY_FROM_LOCKED_ARCHIVE
M03ACC0003,closeout/M03_V3_DOD_STATUS.json,2747,c5d2cc9af3ac8e720f0acd4418142b2ba2261a6925ea761d352dad4cd684197c,DFU_PRR_2026__M03_WITHIN_STUDY_EFFECTS__v3,06_results/closeout/M03_V3_DOD_STATUS.json,BYTE_IDENTICAL_COPY_FROM_LOCKED_ARCHIVE
M03ACC0004,closeout/M03_V3_RESULT_FACTS.csv,2493,facf5c85cc10a4ea6c2802720fde7bb78b7b6baaf8e4560cc8e965a30e282ee5,DFU_PRR_2026__M03_WITHIN_STUDY_EFFECTS__v3,06_results/closeout/M03_V3_RESULT_FACTS.csv,BYTE_IDENTICAL_COPY_FROM_LOCKED_ARCHIVE
M03ACC0005,closeout/M03_V3_SENSITIVITY_SIGNIFICANT_GENES.csv,2555,7f9b7414e3462fdaf31378330c2c79906b21f92b03c067760454f63eef84bf14,DFU_PRR_2026__M03_WITHIN_STUDY_EFFECTS__v3,06_results/closeout/M03_V3_SENSITIVITY_SIGNIFICANT_GENES.csv,BYTE_IDENTICAL_COPY_FROM_LOCKED_ARCHIVE
M03ACC0006,comparison/M03_PRIMARY_VS_SENSITIVITY_EFFECT_STABILITY.csv,1527,bee0472185e15b3a6a57c80c3aa18b0a7bafece3aac918717fc897cf80c99ea2,DFU_PRR_2026__M03_WITHIN_STUDY_EFFECTS__v3,06_results/comparison/M03_PRIMARY_VS_SENSITIVITY_EFFECT_STABILITY.csv,BYTE_IDENTICAL_COPY_FROM_LOCKED_ARCHIVE
M03ACC0007,comparison/M03_V3_COMPARISON_OUTPUT_MANIFEST.csv,471,3d3ded8ac2e9980a927d97761d51ebec0ed566a9a5882a46931a7d7cc225b1d4,DFU_PRR_2026__M03_WITHIN_STUDY_EFFECTS__v3,06_results/comparison/M03_V3_COMPARISON_OUTPUT_MANIFEST.csv,BYTE_IDENTICAL_COPY_FROM_LOCKED_ARCHIVE
M03ACC0008,comparison/M03_V3_COMPARISON_SUMMARY.json,1002,6e8ad4166bcab1a6ce72c10d54d0e6a272a053934957dac5fbef6a8269fc254d,DFU_PRR_2026__M03_WITHIN_STUDY_EFFECTS__v3,06_results/comparison/M03_V3_COMPARISON_SUMMARY.json,BYTE_IDENTICAL_COPY_FROM_LOCKED_ARCHIVE
M03ACC0009,comparison/M03_V3_DETERMINISTIC_EQUIVALENCE.csv,3426,0a289dad66c965e97b605bf7f0a69b5b1db3352a016d4e737139951d9e780b21,DFU_PRR_2026__M03_WITHIN_STUDY_EFFECTS__v3,06_results/comparison/M03_V3_DETERMINISTIC_EQUIVALENCE.csv,BYTE_IDENTICAL_COPY_FROM_LOCKED_ARCHIVE
M03ACC0010,comparison/M03_V3_RUN_PROFILE_SUMMARY.csv,601,173a1010a879c0e1b13ea3822e62773e289ce7a9a1fdb401dbaf1702981740cb,DFU_PRR_2026__M03_WITHIN_STUDY_EFFECTS__v3,06_results/comparison/M03_V3_RUN_PROFILE_SUMMARY.csv,BYTE_IDENTICAL_COPY_FROM_LOCKED_ARCHIVE
M03ACC0011,primary_all12/M03_contrast_matrix.csv,126,c32d156c85e66cb7b9d1ab838bb03ee8d409ba737c94c25238ab5fb4837f2714,DFU_PRR_2026__M03_WITHIN_STUDY_EFFECTS__v3,06_results/primary_original/M03_contrast_matrix.csv,BYTE_IDENTICAL_COPY_FROM_LOCKED_ARCHIVE
M03ACC0012,primary_all12/M03_execution_log.json,1283,eb3fdc4267c3554fbb66eb2a153d7ecca3661dc081541078ecb090e91fe40a88,DFU_PRR_2026__M03_WITHIN_STUDY_EFFECTS__v3,06_results/primary_original/M03_execution_log.json,BYTE_IDENTICAL_COPY_FROM_LOCKED_ARCHIVE
M03ACC0013,primary_all12/M03_feature_annotation_mapping.tsv.gz,487762,39fde060c75e424df877b631fe2131ba392a5074b8cf734316f44d4f1bd673e2,DFU_PRR_2026__M03_WITHIN_STUDY_EFFECTS__v3,06_results/primary_original/M03_feature_annotation_mapping.tsv.gz,BYTE_IDENTICAL_COPY_FROM_LOCKED_ARCHIVE
M03ACC0014,primary_all12/M03_feature_effects_DFS_vs_NFS.tsv.gz,2372392,35c1982e3e79e3c336436435b2200fe87d6ea57366ce388449ddf473956d8c70,DFU_PRR_2026__M03_WITHIN_STUDY_EFFECTS__v3,06_results/primary_original/M03_feature_effects_DFS_vs_NFS.tsv.gz,BYTE_IDENTICAL_COPY_FROM_LOCKED_ARCHIVE
M03ACC0015,primary_all12/M03_feature_effects_DFU_vs_DFS.tsv.gz,2610955,f1d1e1f1bbbe8a8e39658747f1c6886df563ea8c287b6754c57509ec2f9ee33f,DFU_PRR_2026__M03_WITHIN_STUDY_EFFECTS__v3,06_results/primary_original/M03_feature_effects_DFU_vs_DFS.tsv.gz,BYTE_IDENTICAL_COPY_FROM_LOCKED_ARCHIVE
M03ACC0016,primary_all12/M03_feature_effects_DFU_vs_FS_NAIVE.tsv.gz,2636197,767e838a995027da9f920b8e33a3dde661fc8521c4f4c0148a52088549cd2ddd,DFU_PRR_2026__M03_WITHIN_STUDY_EFFECTS__v3,06_results/primary_original/M03_feature_effects_DFU_vs_FS_NAIVE.tsv.gz,BYTE_IDENTICAL_COPY_FROM_LOCKED_ARCHIVE
M03ACC0017,primary_all12/M03_feature_effects_DFU_vs_NFS.tsv.gz,2618506,8aa74baf8246b11f92d2614796daa26569dc0937a9a9ada7490f395c77ccd793,DFU_PRR_2026__M03_WITHIN_STUDY_EFFECTS__v3,06_results/primary_original/M03_feature_effects_DFU_vs_NFS.tsv.gz,BYTE_IDENTICAL_COPY_FROM_LOCKED_ARCHIVE
M03ACC0018,primary_all12/M03_gene_effects_DFS_vs_NFS.tsv.gz,1376901,7c55434ecf1eb8d80f2e6f0a2a40298d557f8a94d439ca4dcbed4c37f11432a4,DFU_PRR_2026__M03_WITHIN_STUDY_EFFECTS__v3,06_results/primary_original/M03_gene_effects_DFS_vs_NFS.tsv.gz,BYTE_IDENTICAL_COPY_FROM_LOCKED_ARCHIVE
M03ACC0019,primary_all12/M03_gene_effects_DFU_vs_DFS.tsv.gz,1497200,1c4771067c264404ada1ffdb4506e81df67296ddb21adc81d5e91ceee8eb7525,DFU_PRR_2026__M03_WITHIN_STUDY_EFFECTS__v3,06_results/primary_original/M03_gene_effects_DFU_vs_DFS.tsv.gz,BYTE_IDENTICAL_COPY_FROM_LOCKED_ARCHIVE
M03ACC0020,primary_all12/M03_gene_effects_DFU_vs_FS_NAIVE.tsv.gz,1522191,b4acdc3245faf06d8a8ff56c0bf7ef979710a9ff682c47feeba0aa590e2757a2,DFU_PRR_2026__M03_WITHIN_STUDY_EFFECTS__v3,06_results/primary_original/M03_gene_effects_DFU_vs_FS_NAIVE.tsv.gz,BYTE_IDENTICAL_COPY_FROM_LOCKED_ARCHIVE
M03ACC0021,primary_all12/M03_gene_effects_DFU_vs_NFS.tsv.gz,1506027,1443b2001ee097ab6a4fb0ae33830ef489373148d8b1cf4918f44e34807c31d9,DFU_PRR_2026__M03_WITHIN_STUDY_EFFECTS__v3,06_results/primary_original/M03_gene_effects_DFU_vs_NFS.tsv.gz,BYTE_IDENTICAL_COPY_FROM_LOCKED_ARCHIVE
M03ACC0022,primary_all12/M03_gene_expression_matrix_log2.tsv.gz,1817032,b5e0d8e1dbf63d850a4468730ba8339de18f62ef0375501d0db656eb1107b54a,DFU_PRR_2026__M03_WITHIN_STUDY_EFFECTS__v3,06_results/primary_original/M03_gene_expression_matrix_log2.tsv.gz,BYTE_IDENTICAL_COPY_FROM_LOCKED_ARCHIVE
M03ACC0023,primary_all12/M03_input_hash_verification.csv,2372,cd0d18b032d755f1026d655d1c60c390af06ac7439d6f482c67bd3aea8004f7d,DFU_PRR_2026__M03_WITHIN_STUDY_EFFECTS__v3,06_results/primary_original/M03_input_hash_verification.csv,BYTE_IDENTICAL_COPY_FROM_LOCKED_ARCHIVE
M03ACC0024,primary_all12/M03_model_design.csv,275,d4dd446268bc8249b6c64a00e84a3557e0757a29f3eceebe2358a72d6cb5780e,DFU_PRR_2026__M03_WITHIN_STUDY_EFFECTS__v3,06_results/primary_original/M03_model_design.csv,BYTE_IDENTICAL_COPY_FROM_LOCKED_ARCHIVE
M03ACC0025,primary_all12/M03_normalized_core_expression_eset.rds,2715604,31ef83b30963a9af123128815eb49dc88c1f8bff614b615cfab6c06a8f1bda3f,DFU_PRR_2026__M03_WITHIN_STUDY_EFFECTS__v3,06_results/primary_original/M03_normalized_core_expression_eset.rds,BYTE_IDENTICAL_COPY_FROM_LOCKED_ARCHIVE
M03ACC0026,primary_all12/M03_normalized_expression_boxplot.png,28152,2ef8fd0d155075332cf5ded6872577cce997a8c0c9fc79341740543e5ad68d90,DFU_PRR_2026__M03_WITHIN_STUDY_EFFECTS__v3,06_results/primary_original/M03_normalized_expression_boxplot.png,BYTE_IDENTICAL_COPY_FROM_LOCKED_ARCHIVE
M03ACC0027,primary_all12/M03_output_manifest.csv,2806,9724705a9e8731a87b2fdbad927f0fd5e765a70cb53029096d3f2ea1fc0b4f7b,DFU_PRR_2026__M03_WITHIN_STUDY_EFFECTS__v3,06_results/primary_original/M03_output_manifest.csv,BYTE_IDENTICAL_COPY_FROM_LOCKED_ARCHIVE
M03ACC0028,primary_all12/M03_PCA.png,33884,ebff50d22f47dfe76fe3f9601bc495360dac52a9280331124dd41fae1727117e,DFU_PRR_2026__M03_WITHIN_STUDY_EFFECTS__v3,06_results/primary_original/M03_PCA.png,BYTE_IDENTICAL_COPY_FROM_LOCKED_ARCHIVE
M03ACC0029,primary_all12/M03_pca_coordinates.csv,1186,b6f2e9bfc2d8361a7e269c9dc3c7af541f7dd3cb16bbb86b392d71040dc1cbcc,DFU_PRR_2026__M03_WITHIN_STUDY_EFFECTS__v3,06_results/primary_original/M03_pca_coordinates.csv,BYTE_IDENTICAL_COPY_FROM_LOCKED_ARCHIVE
M03ACC0030,primary_all12/M03_POST_RUN_VALIDATION.json,6577,fda970d80ab2faf823fbd3d6db18bdb837d95daeef4f2b714917d19a531cf15f,DFU_PRR_2026__M03_WITHIN_STUDY_EFFECTS__v3,06_results/primary_original/M03_POST_RUN_VALIDATION.json,BYTE_IDENTICAL_COPY_FROM_LOCKED_ARCHIVE
M03ACC0031,primary_all12/M03_qc_review_flags.csv,480,8b6ccea8ca922ec0ce7984036e4b3985df1977f0d6ce7d3f1a46f2928467f082,DFU_PRR_2026__M03_WITHIN_STUDY_EFFECTS__v3,06_results/primary_original/M03_qc_review_flags.csv,BYTE_IDENTICAL_COPY_FROM_LOCKED_ARCHIVE
M03ACC0032,primary_all12/M03_result_summary.json,3874,9b57525a8a9158f6d5bee4c21e966868f24195b37c87aa6ffad40a3014ce241a,DFU_PRR_2026__M03_WITHIN_STUDY_EFFECTS__v3,06_results/primary_original/M03_result_summary.json,BYTE_IDENTICAL_COPY_FROM_LOCKED_ARCHIVE
M03ACC0033,primary_all12/M03_RLE_boxplot.png,19468,e45541cd88980201e88ab1ea88e1a96de2e9d5aa69ad51d6bbb2400b4b044f54,DFU_PRR_2026__M03_WITHIN_STUDY_EFFECTS__v3,06_results/primary_original/M03_RLE_boxplot.png,BYTE_IDENTICAL_COPY_FROM_LOCKED_ARCHIVE
M03ACC0034,primary_all12/M03_sample_correlation.csv,2731,d5c45271b7a34dd58db7c6104bb8b9af98540dcd6ab88f6fd68eb620ef7c1d50,DFU_PRR_2026__M03_WITHIN_STUDY_EFFECTS__v3,06_results/primary_original/M03_sample_correlation.csv,BYTE_IDENTICAL_COPY_FROM_LOCKED_ARCHIVE
M03ACC0035,primary_all12/M03_sample_correlation_heatmap.png,31420,1cefa59efc29b622f9fa3dc8bb2d0fe120383c02a17408a415e17c0b0d268c55,DFU_PRR_2026__M03_WITHIN_STUDY_EFFECTS__v3,06_results/primary_original/M03_sample_correlation_heatmap.png,BYTE_IDENTICAL_COPY_FROM_LOCKED_ARCHIVE
M03ACC0036,primary_all12/M03_sample_manifest_used.csv,1566,9f3ffa49a5d9723694b2122e96112c47e1b6ec566d501b2bd9e59ef5d2363b02,DFU_PRR_2026__M03_WITHIN_STUDY_EFFECTS__v3,06_results/primary_original/M03_sample_manifest_used.csv,BYTE_IDENTICAL_COPY_FROM_LOCKED_ARCHIVE
M03ACC0037,primary_all12/M03_sample_qc_metrics.csv,1451,c2aafb283e70997d38faa9f74d14e7fa882b7e2c52ddaf2328c3b613cbda4ee1,DFU_PRR_2026__M03_WITHIN_STUDY_EFFECTS__v3,06_results/primary_original/M03_sample_qc_metrics.csv,BYTE_IDENTICAL_COPY_FROM_LOCKED_ARCHIVE
M03ACC0038,primary_all12/M03_sessionInfo.txt,2650,90460b5467d8d3a68d08186cab51a31de470afb2a2e1cabc22bab6779424126f,DFU_PRR_2026__M03_WITHIN_STUDY_EFFECTS__v3,06_results/primary_original/M03_sessionInfo.txt,BYTE_IDENTICAL_COPY_FROM_LOCKED_ARCHIVE
M03ACC0039,sensitivity_n11_exclude_GSM2114233/M03_contrast_matrix.csv,126,c32d156c85e66cb7b9d1ab838bb03ee8d409ba737c94c25238ab5fb4837f2714,DFU_PRR_2026__M03_WITHIN_STUDY_EFFECTS__v3,06_results/sensitivity_original/M03_contrast_matrix.csv,BYTE_IDENTICAL_COPY_FROM_LOCKED_ARCHIVE
M03ACC0040,sensitivity_n11_exclude_GSM2114233/M03_execution_log.json,1386,59fe86bc10b4fc808abd714bf43f90b7266425e090a1562e7f9d75b487afac14,DFU_PRR_2026__M03_WITHIN_STUDY_EFFECTS__v3,06_results/sensitivity_original/M03_execution_log.json,BYTE_IDENTICAL_COPY_FROM_LOCKED_ARCHIVE
M03ACC0041,sensitivity_n11_exclude_GSM2114233/M03_feature_annotation_mapping.tsv.gz,487762,39fde060c75e424df877b631fe2131ba392a5074b8cf734316f44d4f1bd673e2,DFU_PRR_2026__M03_WITHIN_STUDY_EFFECTS__v3,06_results/sensitivity_original/M03_feature_annotation_mapping.tsv.gz,BYTE_IDENTICAL_COPY_FROM_LOCKED_ARCHIVE
M03ACC0042,sensitivity_n11_exclude_GSM2114233/M03_feature_effects_DFS_vs_NFS.tsv.gz,2356784,e524e9de025ce21f8ca0b7416ca50a12600a403e5b28fe2af0755d1d4cfffcf5,DFU_PRR_2026__M03_WITHIN_STUDY_EFFECTS__v3,06_results/sensitivity_original/M03_feature_effects_DFS_vs_NFS.tsv.gz,BYTE_IDENTICAL_COPY_FROM_LOCKED_ARCHIVE
M03ACC0043,sensitivity_n11_exclude_GSM2114233/M03_feature_effects_DFU_vs_DFS.tsv.gz,2628125,cbfb76f30e992415de2bf6b386a96f65f92eca35124f16ffd2c80a5985a4bcbc,DFU_PRR_2026__M03_WITHIN_STUDY_EFFECTS__v3,06_results/sensitivity_original/M03_feature_effects_DFU_vs_DFS.tsv.gz,BYTE_IDENTICAL_COPY_FROM_LOCKED_ARCHIVE
M03ACC0044,sensitivity_n11_exclude_GSM2114233/M03_feature_effects_DFU_vs_FS_NAIVE.tsv.gz,2645635,4d81e555bef5714c4d13adaef5bca6a3e8f621820f9fd7d9e992163078b00de9,DFU_PRR_2026__M03_WITHIN_STUDY_EFFECTS__v3,06_results/sensitivity_original/M03_feature_effects_DFU_vs_FS_NAIVE.tsv.gz,BYTE_IDENTICAL_COPY_FROM_LOCKED_ARCHIVE
M03ACC0045,sensitivity_n11_exclude_GSM2114233/M03_feature_effects_DFU_vs_NFS.tsv.gz,2636579,15935d46af23ab44612f54efba43af927c7de1e2d91dbd87b9c621220e1f6749,DFU_PRR_2026__M03_WITHIN_STUDY_EFFECTS__v3,06_results/sensitivity_original/M03_feature_effects_DFU_vs_NFS.tsv.gz,BYTE_IDENTICAL_COPY_FROM_LOCKED_ARCHIVE
M03ACC0046,sensitivity_n11_exclude_GSM2114233/M03_gene_effects_DFS_vs_NFS.tsv.gz,1365955,27fa5ef67fbe9f578570d621b0de6021c235d4faf79ce383624d188740faf5de,DFU_PRR_2026__M03_WITHIN_STUDY_EFFECTS__v3,06_results/sensitivity_original/M03_gene_effects_DFS_vs_NFS.tsv.gz,BYTE_IDENTICAL_COPY_FROM_LOCKED_ARCHIVE
M03ACC0047,sensitivity_n11_exclude_GSM2114233/M03_gene_effects_DFU_vs_DFS.tsv.gz,1515678,9f491e4cb777e310071fc1978b2b42dbb0d897ab51d2825709336f59a05935cc,DFU_PRR_2026__M03_WITHIN_STUDY_EFFECTS__v3,06_results/sensitivity_original/M03_gene_effects_DFU_vs_DFS.tsv.gz,BYTE_IDENTICAL_COPY_FROM_LOCKED_ARCHIVE
M03ACC0048,sensitivity_n11_exclude_GSM2114233/M03_gene_effects_DFU_vs_FS_NAIVE.tsv.gz,1529451,b29d9bb548de7d9ac242ba6e21e426d819e72a2f5710a7e59634a714446b3e69,DFU_PRR_2026__M03_WITHIN_STUDY_EFFECTS__v3,06_results/sensitivity_original/M03_gene_effects_DFU_vs_FS_NAIVE.tsv.gz,BYTE_IDENTICAL_COPY_FROM_LOCKED_ARCHIVE
M03ACC0049,sensitivity_n11_exclude_GSM2114233/M03_gene_effects_DFU_vs_NFS.tsv.gz,1522224,e9027ee905246726f2bfaf82e0f379181aff1691dc0c815b511ff512e8764da6,DFU_PRR_2026__M03_WITHIN_STUDY_EFFECTS__v3,06_results/sensitivity_original/M03_gene_effects_DFU_vs_NFS.tsv.gz,BYTE_IDENTICAL_COPY_FROM_LOCKED_ARCHIVE
M03ACC0050,sensitivity_n11_exclude_GSM2114233/M03_gene_expression_matrix_log2.tsv.gz,1462003,e4d18e80590b3239893825d7ebc10468e6f93a1cf7705b69f2cd332ff480a5cb,DFU_PRR_2026__M03_WITHIN_STUDY_EFFECTS__v3,06_results/sensitivity_original/M03_gene_expression_matrix_log2.tsv.gz,BYTE_IDENTICAL_COPY_FROM_LOCKED_ARCHIVE
M03ACC0051,sensitivity_n11_exclude_GSM2114233/M03_input_hash_verification.csv,2403,acfcc1d1f4ef0928765e5a4bd611760ce80d8b68034a5f57f63223d71d00edbb,DFU_PRR_2026__M03_WITHIN_STUDY_EFFECTS__v3,06_results/sensitivity_original/M03_input_hash_verification.csv,BYTE_IDENTICAL_COPY_FROM_LOCKED_ARCHIVE
M03ACC0052,sensitivity_n11_exclude_GSM2114233/M03_model_design.csv,255,0c58a23009e2cb0dae493f839f7ac6988e8885eac07dee7ffd0d0dab9c711589,DFU_PRR_2026__M03_WITHIN_STUDY_EFFECTS__v3,06_results/sensitivity_original/M03_model_design.csv,BYTE_IDENTICAL_COPY_FROM_LOCKED_ARCHIVE
M03ACC0053,sensitivity_n11_exclude_GSM2114233/M03_normalized_core_expression_eset.rds,2115964,ad7c46f5c3734365dd7d3eb54f0e86b20e4e0dd94bf8b516c8f125fe00d2fb0d,DFU_PRR_2026__M03_WITHIN_STUDY_EFFECTS__v3,06_results/sensitivity_original/M03_normalized_core_expression_eset.rds,BYTE_IDENTICAL_COPY_FROM_LOCKED_ARCHIVE
M03ACC0054,sensitivity_n11_exclude_GSM2114233/M03_normalized_expression_boxplot.png,30365,9d6045493c81f2ad4fdc230f725ca6ff5c5826bfd0027fba8d4bb7bbc983c54b,DFU_PRR_2026__M03_WITHIN_STUDY_EFFECTS__v3,06_results/sensitivity_original/M03_normalized_expression_boxplot.png,BYTE_IDENTICAL_COPY_FROM_LOCKED_ARCHIVE
M03ACC0055,sensitivity_n11_exclude_GSM2114233/M03_output_manifest.csv,2806,302b3ea6e191dbb03af931bd98d62c82e322a54c1be161267ffab237797b9ada,DFU_PRR_2026__M03_WITHIN_STUDY_EFFECTS__v3,06_results/sensitivity_original/M03_output_manifest.csv,BYTE_IDENTICAL_COPY_FROM_LOCKED_ARCHIVE
M03ACC0056,sensitivity_n11_exclude_GSM2114233/M03_PCA.png,32852,14f352adc5cd9603b23fae607f4bba7cc6d3a81bf6935b19bd2bdb4a9151e0da,DFU_PRR_2026__M03_WITHIN_STUDY_EFFECTS__v3,06_results/sensitivity_original/M03_PCA.png,BYTE_IDENTICAL_COPY_FROM_LOCKED_ARCHIVE
M03ACC0057,sensitivity_n11_exclude_GSM2114233/M03_pca_coordinates.csv,1091,c87f7bb36e82b662a5c32a2321f0cdf56b0841c883bdcb1f0e29cf8d12a8fbea,DFU_PRR_2026__M03_WITHIN_STUDY_EFFECTS__v3,06_results/sensitivity_original/M03_pca_coordinates.csv,BYTE_IDENTICAL_COPY_FROM_LOCKED_ARCHIVE
M03ACC0058,sensitivity_n11_exclude_GSM2114233/M03_POST_RUN_VALIDATION.json,6629,66e3da34f76a3178a5fe831dfc9873123b8abb0820bcf0b1c2c357ce8cbff374,DFU_PRR_2026__M03_WITHIN_STUDY_EFFECTS__v3,06_results/sensitivity_original/M03_POST_RUN_VALIDATION.json,BYTE_IDENTICAL_COPY_FROM_LOCKED_ARCHIVE
M03ACC0059,sensitivity_n11_exclude_GSM2114233/M03_qc_review_flags.csv,467,d54b20d07d4426d3e9cd0cef6e02f36887230ba11f82f7bbe341b81178c73faf,DFU_PRR_2026__M03_WITHIN_STUDY_EFFECTS__v3,06_results/sensitivity_original/M03_qc_review_flags.csv,BYTE_IDENTICAL_COPY_FROM_LOCKED_ARCHIVE
M03ACC0060,sensitivity_n11_exclude_GSM2114233/M03_result_summary.json,3917,52ef596c318761f64cd692e196ae2ce7672570d5c0e63fc7451ba58763704721,DFU_PRR_2026__M03_WITHIN_STUDY_EFFECTS__v3,06_results/sensitivity_original/M03_result_summary.json,BYTE_IDENTICAL_COPY_FROM_LOCKED_ARCHIVE
M03ACC0061,sensitivity_n11_exclude_GSM2114233/M03_RLE_boxplot.png,24364,417c6f98d671d54d05336312e97e32aea11027a1c9ad68af24bbbc748c5dece6,DFU_PRR_2026__M03_WITHIN_STUDY_EFFECTS__v3,06_results/sensitivity_original/M03_RLE_boxplot.png,BYTE_IDENTICAL_COPY_FROM_LOCKED_ARCHIVE
M03ACC0062,sensitivity_n11_exclude_GSM2114233/M03_sample_correlation.csv,2306,4377e61adc2bce14eaaa990e8735d491600fd4080511d1aa8082d4ed6a1d2fff,DFU_PRR_2026__M03_WITHIN_STUDY_EFFECTS__v3,06_results/sensitivity_original/M03_sample_correlation.csv,BYTE_IDENTICAL_COPY_FROM_LOCKED_ARCHIVE
M03ACC0063,sensitivity_n11_exclude_GSM2114233/M03_sample_correlation_heatmap.png,30256,e0079ac714d21218a26a22ac25e7b960114ce70275605be8415edc112fc06c6a,DFU_PRR_2026__M03_WITHIN_STUDY_EFFECTS__v3,06_results/sensitivity_original/M03_sample_correlation_heatmap.png,BYTE_IDENTICAL_COPY_FROM_LOCKED_ARCHIVE
M03ACC0064,sensitivity_n11_exclude_GSM2114233/M03_sample_manifest_used.csv,1672,1c961f0df7d157ac3e67ccb5ab4406d277c2b46c3fdbf35fd1b5d87b560e6648,DFU_PRR_2026__M03_WITHIN_STUDY_EFFECTS__v3,06_results/sensitivity_original/M03_sample_manifest_used.csv,BYTE_IDENTICAL_COPY_FROM_LOCKED_ARCHIVE
M03ACC0065,sensitivity_n11_exclude_GSM2114233/M03_sample_qc_metrics.csv,1141,dcd51cc971bfe0ed89f876e30419a212614b33eb05cd4ea51c9fd429b6bc3c42,DFU_PRR_2026__M03_WITHIN_STUDY_EFFECTS__v3,06_results/sensitivity_original/M03_sample_qc_metrics.csv,BYTE_IDENTICAL_COPY_FROM_LOCKED_ARCHIVE
M03ACC0066,sensitivity_n11_exclude_GSM2114233/M03_sessionInfo.txt,2650,90460b5467d8d3a68d08186cab51a31de470afb2a2e1cabc22bab6779424126f,DFU_PRR_2026__M03_WITHIN_STUDY_EFFECTS__v3,06_results/sensitivity_original/M03_sessionInfo.txt,BYTE_IDENTICAL_COPY_FROM_LOCKED_ARCHIVE
