object_id,path,role,size_bytes,modified_utc,sha256,status,notes
G165C0001,GSM5050521_G1counts.csv.gz,COPIED_SOURCE,5450380,2021-01-29T19:02:59+00:00,630ad42f37d46b00a742d35d7e1d01fc84da376073c6e3a326b5be701ab1e435,PRESENT,
G165C0002,GSM5050522_G1Acounts.csv.gz,COPIED_SOURCE,1737626,2021-01-29T19:03:00+00:00,301d63cc153b77d2daa71adb86022fd4cec67aaeaa94849d6e4f53ee78b78ab1,PRESENT,
G165C0003,GSM5050523_G2counts.csv.gz,COPIED_SOURCE,8813478,2021-01-29T19:03:05+00:00,d648bf8e4c767a6131ec760d90daeff01efa8deb5753d43f95088909cc034d08,PRESENT,
G165C0004,GSM5050524_G2Acounts.csv.gz,COPIED_SOURCE,1198641,2021-01-29T19:03:06+00:00,e6aade2e862ba25fddf5350c52e01628b8364ef4b0adcf4c0805c01acd4b43bb,PRESENT,
G165C0005,GSM5050525_G3counts.csv.gz,COPIED_SOURCE,4072333,2021-01-29T19:03:08+00:00,1636667f3147d539907f75a3e2c26e1556aa14a7a08de448a2db2bdc8ee10301,PRESENT,
G165C0006,GSM5050526_G3Acounts.csv.gz,COPIED_SOURCE,2023904,2021-01-29T19:03:09+00:00,d977dbdf147b5a8c5c8594cee29dd03a1a371006808efd63f2f3e8d37eb7c82c,PRESENT,
G165C0007,GSM5050527_G4counts.csv.gz,COPIED_SOURCE,7294816,2021-01-29T19:03:13+00:00,7a604084aef904b43cc54cef00c547b9c93dc86663c063f597953ce21ddcd823,PRESENT,
G165C0008,GSM5050528_G4Acounts.csv.gz,COPIED_SOURCE,3147194,2021-01-29T19:03:15+00:00,24c521f6e37d4fe3aa12b9068d381bc1b3cd3ec754c53b637cef75759e61ba83,PRESENT,
G165C0009,GSM5050529_G5counts.csv.gz,COPIED_SOURCE,5927705,2021-01-29T19:03:18+00:00,457486a9c2c39ca87a3ad5b98f8d029eb25a7ac9f713dc35e3c87260492c9c69,PRESENT,
G165C0010,GSM5050530_G6counts.csv.gz,COPIED_SOURCE,4978609,2021-01-29T19:03:21+00:00,e6918957e0187d6c6066fdb1a1689bfce771938db974a206111a1ac4b9951463,PRESENT,
G165C0011,GSM5050531_G7counts.csv.gz,COPIED_SOURCE,4827505,2021-01-29T19:03:24+00:00,e40a1542ea6596959cf0c5ac7de42f8d48e5a565e351b6b1dcd7f3fa3d4e63ba,PRESENT,
G165C0012,GSM5050532_G8counts.csv.gz,COPIED_SOURCE,5806166,2021-01-29T19:03:27+00:00,77f0053bdb39e66c71e38c9f7f145ced6bf7ecdb4e78e30f56c94e1904503d77,PRESENT,
G165C0013,GSM5050533_G9counts.csv.gz,COPIED_SOURCE,9238226,2021-01-29T19:03:32+00:00,ee9a08755ac5f63b3fe68636baaf465a73b5618aaa9a89048d486ed3d66cd47c,PRESENT,
G165C0014,GSM5050534_G10counts.csv.gz,COPIED_SOURCE,10136090,2021-01-29T19:03:38+00:00,041386388cbca9fa6b4ce26427d60bdde768f4980dea18d466a03e46463363f9,PRESENT,
G165C0015,GSM5050535_G11counts.csv.gz,COPIED_SOURCE,4537879,2021-01-29T19:03:40+00:00,bb4b510329ed01a2ce541a7dd8c24e6e055a13bbc3038b200b3293980a85c125,PRESENT,
G165C0016,GSM5050536_G12counts.csv.gz,COPIED_SOURCE,9295635,2021-01-29T19:03:46+00:00,992c2b5df0088ec9b1fe2566c98fe7e03fc8a9e32d6e79698ed6ec0c16eced98,PRESENT,
G165C0017,GSM5050537_G13counts.csv.gz,COPIED_SOURCE,11713756,2021-01-29T19:03:52+00:00,7e14e9900c6f2858b8283086ba9a14f5bc8ce8d9229cabbaaa233ab29d4bb154,PRESENT,
G165C0018,GSM5050538_G14counts.csv.gz,COPIED_SOURCE,11195226,2021-01-29T19:03:59+00:00,b9698df426652b2d6927ecad698516e79700f26c29eed5ba538659814f9a4be9,PRESENT,
G165C0019,GSM5050539_G15counts.csv.gz,COPIED_SOURCE,5733146,2021-01-29T19:04:03+00:00,5ae0162819d4f68696d517a1d3269604eb3b40c89c1781063caffc4b62fbf43e,PRESENT,
G165C0020,GSM5050540_G16counts.csv.gz,COPIED_SOURCE,8667182,2021-01-29T19:04:08+00:00,16e3e3f8dd109ada84c6a193bf70cadd5273fcc5ac7a8b9b249f2eb8061e2068,PRESENT,
G165C0021,GSM5050541_G17counts.csv.gz,COPIED_SOURCE,8986915,2021-01-29T19:04:13+00:00,f20e1b1d150d14e66b2ddad27cef766aa85a5239cb4fb7714b078d91e9c758c6,PRESENT,
G165C0022,GSM5050542_G18counts.csv.gz,COPIED_SOURCE,9043465,2021-01-29T19:04:18+00:00,64b55e822e9415a867a0abbca5eb6a5f9d516d0a5df24aad12f42c892ba1b084,PRESENT,
G165C0023,GSM5050543_G19counts.csv.gz,COPIED_SOURCE,5583088,2021-01-29T19:04:22+00:00,4efd68baf29929fc18b651f49fee37d1dca023c7754c4d5fd7fa04fee2019610,PRESENT,
G165C0024,GSM5050544_G20counts.csv.gz,COPIED_SOURCE,5992170,2021-01-29T19:04:26+00:00,d34c148aa9436251c06ecca781a91c239a543817ee5afc0481cc4b3c57bd2b4c,PRESENT,
G165C0025,GSM5050545_G21counts.csv.gz,COPIED_SOURCE,6827647,2021-01-29T19:04:30+00:00,bba227591fb0b54547cb206d10727610580c927f22100653b841513f65e46ef8,PRESENT,
G165C0026,GSM5050546_G22counts.csv.gz,COPIED_SOURCE,5856935,2021-01-29T19:04:34+00:00,288f4513a2ece3801c84ee40cf0f96a6caafe57a1e1bc1d689533eb220a5e9da,PRESENT,
G165C0027,GSM5050547_G23counts.csv.gz,COPIED_SOURCE,12464709,2021-01-29T19:04:42+00:00,da86ddcace1620bd9528ca16f2c15de6bbbe35d75c080949edab29ee28e6b7c5,PRESENT,
G165C0028,GSM5050548_G24counts.csv.gz,COPIED_SOURCE,8514598,2021-01-29T19:04:47+00:00,bb77000af184e8a5a070d12040b2fa39c9c112fded41c2e97a73d87b5a4c2acd,PRESENT,
G165C0029,GSM5050549_G25counts.csv.gz,COPIED_SOURCE,7982588,2021-01-29T19:04:51+00:00,ab1bfd572b2dd71a5b8f0bedf60b93505460d5b73da84d510079dc17b12de814,PRESENT,
G165C0030,GSM5050550_G26counts.csv.gz,COPIED_SOURCE,5825835,2021-01-29T19:04:55+00:00,23923073259285e3156f4bfaac404feca74565eea9342ad13af9afae87aec753,PRESENT,
G165C0031,GSM5050551_G27counts.csv.gz,COPIED_SOURCE,7073279,2021-01-29T19:04:59+00:00,7c7c364d5430ef549606ad864446cd4f11dd6504ee29419d9e2e020241cb2e4f,PRESENT,
G165C0032,GSM5050552_G28counts.csv.gz,COPIED_SOURCE,6753091,2021-01-29T19:05:04+00:00,7f4ad678f14b4b0df9f777b4f7036dadbc08329a13f0a5414f5de96de10c25c6,PRESENT,
G165C0033,GSM5050553_G29counts.csv.gz,COPIED_SOURCE,10189707,2021-01-29T19:05:09+00:00,014ac1102695719c432d7afe79c61684437b102f8c01c065112efe2c9ceb3e02,PRESENT,
G165C0034,GSM5050554_G30counts.csv.gz,COPIED_SOURCE,8888703,2021-01-29T19:05:15+00:00,15d89064b81b8ab384805e32020b511496d8ac94fa4901bd172fc00a7be35b53,PRESENT,
G165C0035,GSM5050555_G31counts.csv.gz,COPIED_SOURCE,8104951,2021-01-29T19:05:19+00:00,712a24f515720fd860652aa8964cfc9d7233d24ff1b62516071125857ecd37bd,PRESENT,
G165C0036,GSM5050556_G32counts.csv.gz,COPIED_SOURCE,9717911,2021-01-29T19:05:25+00:00,e8610c5f6ada7da8f3d89d9013f92e0c72056eeb3ce33eb293a218c2b1bda520,PRESENT,
G165C0037,GSM5050557_G33counts.csv.gz,COPIED_SOURCE,9856602,2021-01-29T19:05:31+00:00,232079a56757c445d85816f431395d654a7df30d527e82bb5c0e6710a9d1ec78,PRESENT,
G165C0038,GSM5050558_G34counts.csv.gz,COPIED_SOURCE,8284881,2021-01-29T19:05:37+00:00,6c237bc76c5dc49968811edcf229950773f57bbb331c8b7f052ae7d3c30e6945,PRESENT,
G165C0039,GSM5050559_G35counts.csv.gz,COPIED_SOURCE,7511559,2021-01-29T19:05:41+00:00,29f6d169c949a51cee50d6ba0a26232d05d6a756ab09e9309498d3904d5804f6,PRESENT,
G165C0040,GSM5050560_G36counts.csv.gz,COPIED_SOURCE,12716155,2021-01-29T19:05:48+00:00,2e21613f21a4a3dc0d516ecefc26f474ea2e2a3c331ad5b1a0c85d6d318405f2,PRESENT,
G165C0041,GSM5050561_G37counts.csv.gz,COPIED_SOURCE,13240477,2021-01-29T19:05:56+00:00,429785b9221fd396167474d2ceee78bc0a0c97a427b7b2e5c2b4a5beb168d97b,PRESENT,
G165C0042,GSM5050562_G38counts.csv.gz,COPIED_SOURCE,5311190,2021-01-29T19:05:59+00:00,13582676b080df5b2fe238281ab2912febf5c7cc15f1544c99b89336ae6d569c,PRESENT,
G165C0043,GSM5050563_G39counts.csv.gz,COPIED_SOURCE,9537546,2021-01-29T19:06:04+00:00,c179540deb245188a1f43c709c4736a5e634fc10a48e29721bb61e2102cb8d71,PRESENT,
G165C0044,GSM5050564_G40counts.csv.gz,COPIED_SOURCE,7333377,2021-01-29T19:06:08+00:00,64734ea81c80bcea112cce4e2fddf0092eba87d69d9dec6ecd653971c9508f4a,PRESENT,
G165C0045,GSM5050565_G41counts.csv.gz,COPIED_SOURCE,7224116,2021-01-29T19:06:12+00:00,79c2c87da49e935999dbdf7bb76947a5584cdd15a92f308be6e269273bbc0661,PRESENT,
G165C0046,GSM5050566_G42counts.csv.gz,COPIED_SOURCE,6726330,2021-01-29T19:06:16+00:00,491bbce789af4133a37806e79e7e7c41e2851ffa75ab01469a9b1f9fb06b5729,PRESENT,
G165C0047,GSM5050567_G43counts.csv.gz,COPIED_SOURCE,3992131,2021-01-29T19:06:18+00:00,c3cedaaa28b4371548b17bd696bc4ec1f079e163c42818f862f45684051d0d51,PRESENT,
G165C0048,GSM5050568_G44counts.csv.gz,COPIED_SOURCE,6172619,2021-01-29T19:06:21+00:00,5ee5e80bc1eb4cb17b0f0b0245b128d86390782ea25d40d8f7d52f23612adad6,PRESENT,
G165C0049,GSM5050569_G45counts.csv.gz,COPIED_SOURCE,13809312,2021-01-29T19:06:29+00:00,4a8e3d6a9a1ba727238f12f1d6ba4ac331f39bea3344cfd83ced5ca52f51c9e3,PRESENT,
G165C0050,GSM5050570_G46counts.csv.gz,COPIED_SOURCE,5567112,2021-01-29T19:06:32+00:00,1900a5231d6f6066f8045d5745cde415bc991f5e9cae038193e6ad6aba256769,PRESENT,
G165C0051,GSM5050571_G47counts.csv.gz,COPIED_SOURCE,9906435,2021-01-29T19:06:38+00:00,55277ce00f254610d1cad5a2f85279038bc22b5d490f7324474dcdde1d21f1f4,PRESENT,
G165C0052,GSM5050572_G48counts.csv.gz,COPIED_SOURCE,6587770,2021-01-29T19:06:41+00:00,d1eb2101dd4eb0284ed4e8f836b64455bc5e7eff8de1dd46fb188c8782a73752,PRESENT,
G165C0053,GSM5050573_G49counts.csv.gz,COPIED_SOURCE,12557134,2021-01-29T19:06:48+00:00,17a36332c26fb3844e513a542706baff29f485278b92f276fd1f8567c8b7d217,PRESENT,
G165C0054,GSM5050574_G50counts.csv.gz,COPIED_SOURCE,10270832,2021-01-29T19:06:54+00:00,3a31bb18752971ae3dd71ea4b581096254aa2e8e26d010654e0b68ebd3aa5c8b,PRESENT,
