"object_id","path_or_accession","role","source_type","original_filename","size_bytes","modified_utc","sha256","subject_sample_scope","read_only_status","source_location","transformation_parent","notes"
"SRC0001","03_data/raw_external_READ_ONLY/GSE134431/GSE134431_181016_diabetic_rna-seq_ANOVA_by_group.xlsx","SUBMITTER_ANALYSIS_TABLE_SECONDARY","GEO_SUPPLEMENTARY_FILE","GSE134431_181016_diabetic_rna-seq_ANOVA_by_group.xlsx","2990479","2020-03-09T15:32:38+00:00","486ee506676912eed10ee941706660c27997159aea7785c8f2fa0e5a2a4b98df","all submitted group comparisons in GSE134431","READ_ONLY_VERIFIED","https://ftp.ncbi.nlm.nih.gov/geo/series/GSE134nnn/GSE134431/suppl/GSE134431_181016_diabetic_rna-seq_ANOVA_by_group.xlsx","","DOWNLOADED_20260825; identity and scientific eligibility remain subject to M01/M02"
"SRC0002","03_data/raw_external_READ_ONLY/GSE134431/GSE134431_181016_diabetic_rna-seq_results.gene.rpkm.xlsx","SUBMITTER_RPKM_MATRIX","GEO_SUPPLEMENTARY_FILE","GSE134431_181016_diabetic_rna-seq_results.gene.rpkm.xlsx","6012062","2020-03-09T15:27:40+00:00","252eeb2727a11bb768b56108ead4d6022051b49ffaf36c49f73bf50b94e55c21","all samples in GSE134431","READ_ONLY_VERIFIED","https://ftp.ncbi.nlm.nih.gov/geo/series/GSE134nnn/GSE134431/suppl/GSE134431_181016_diabetic_rna-seq_results.gene.rpkm.xlsx","","DOWNLOADED_20260825; identity and scientific eligibility remain subject to M01/M02"
"SRC0003","03_data/raw_external_READ_ONLY/GSE134431/GSE134431_family.xml.tgz","ACCESSION_METADATA","GEO_METADATA","GSE134431_family.xml.tgz","3209","2026-04-18T18:06:31.418634+00:00","11b05129b225695309e494e91bc067c587c669231898f5b64c34d70cfffee55e","all GSE134431 metadata","READ_ONLY_VERIFIED","","","REUSED_LEGACY_HASH_VERIFIED; identity and scientific eligibility remain subject to M01/M02"
"SRC0004","03_data/raw_external_READ_ONLY/GSE134431/GSE134431_series_matrix.txt.gz","ACCESSION_METADATA","GEO_METADATA","GSE134431_series_matrix.txt.gz","2416","2026-04-18T18:06:20.571798+00:00","cc3ec1979e2d4e55a7354d34556289f4d111cdfeb7c1b7c4eb7414678d0c4345","all GSE134431 metadata","READ_ONLY_VERIFIED","","","REUSED_LEGACY_HASH_VERIFIED; identity and scientific eligibility remain subject to M01/M02"
"SRC0005","03_data/raw_external_READ_ONLY/GSE143735/GSE143735_family.xml.tgz","ACCESSION_METADATA","GEO_METADATA","GSE143735_family.xml.tgz","4142","2026-08-05T05:15:47+00:00","34a654f371c4acf8b87dff16ba3d5825dcf83497799dd16bd6353ab8d1afce82","all GSE143735 metadata","READ_ONLY_VERIFIED","https://ftp.ncbi.nlm.nih.gov/geo/series/GSE143nnn/GSE143735/miniml/GSE143735_family.xml.tgz","","DOWNLOADED_20260825; identity and scientific eligibility remain subject to M01/M02"
"SRC0006","03_data/raw_external_READ_ONLY/GSE143735/GSE143735_norm_counts_TPM_GRCh38.p13_NCBI.tsv.gz","NORMALIZED_EXPRESSION_MATRIX_SECONDARY","NCBI_GEO_GENERATED_MATRIX","GSE143735_norm_counts_TPM_GRCh38.p13_NCBI.tsv.gz","1136613","2026-04-16T17:19:03.970000+00:00","ae4283c8486717d6130682b6306c63b584fef698fc577e79388ae3f826e151e9","all samples in GSE143735; mapping pending M01","READ_ONLY_VERIFIED","","","REUSED_LEGACY_HASH_VERIFIED; identity and scientific eligibility remain subject to M01/M02"
"SRC0007","03_data/raw_external_READ_ONLY/GSE143735/GSE143735_RAW.tar","SUPPLEMENTARY_EXPRESSION_ARCHIVE","GEO_SUPPLEMENTARY_ARCHIVE","GSE143735_RAW.tar","12605440","2020-08-02T22:04:37+00:00","89d51745b6273ee6d005c5d77b87de90f200156af2e3a96f8b1ac813b8be3367","all submitted expression objects in GSE143735","READ_ONLY_VERIFIED","https://ftp.ncbi.nlm.nih.gov/geo/series/GSE143nnn/GSE143735/suppl/GSE143735_RAW.tar","","DOWNLOADED_20260825; identity and scientific eligibility remain subject to M01/M02"
"SRC0008","03_data/raw_external_READ_ONLY/GSE143735/GSE143735_raw_counts_GRCh38.p13_NCBI.tsv.gz","RAW_COUNT_MATRIX","NCBI_GEO_GENERATED_MATRIX","GSE143735_raw_counts_GRCh38.p13_NCBI.tsv.gz","684396","2026-04-18T16:39:46.701000+00:00","a4223d01678d7bb0a7b3feefb1d389e164830c9e43aff1fcea5e94921e70e185","all samples in GSE143735; mapping pending M01","READ_ONLY_VERIFIED","","","REUSED_LEGACY_HASH_VERIFIED; identity and scientific eligibility remain subject to M01/M02"
"SRC0009","03_data/raw_external_READ_ONLY/GSE143735/GSE143735_series_matrix.txt.gz","ACCESSION_METADATA","GEO_METADATA","GSE143735_series_matrix.txt.gz","3437","2026-08-05T05:15:47+00:00","73a3a2c9e167e256348b85cee901abd2d246962cc412f39c54d11bbb8aef8032","all GSE143735 metadata","READ_ONLY_VERIFIED","https://ftp.ncbi.nlm.nih.gov/geo/series/GSE143nnn/GSE143735/matrix/GSE143735_series_matrix.txt.gz","","DOWNLOADED_20260825; identity and scientific eligibility remain subject to M01/M02"
"SRC0010","03_data/raw_external_READ_ONLY/GSE165816/metadata/GSE165816_family.xml.tgz","ACCESSION_METADATA","GEO_METADATA","GSE165816_family.xml.tgz","6083","2026-04-19T16:19:15.350125+00:00","7d682b630540540d2144904b5b041ceed31137c7070e6fc9ba238d112790e41a","all GSE165816 metadata","READ_ONLY_VERIFIED","","","REUSED_LEGACY_HASH_VERIFIED; identity and scientific eligibility remain subject to M01/M02"
"SRC0011","03_data/raw_external_READ_ONLY/GSE165816/metadata/GSE165816_series_matrix.txt.gz","ACCESSION_METADATA","GEO_METADATA","GSE165816_series_matrix.txt.gz","5068","2026-04-19T16:19:02.366444+00:00","f07c5a47aea9063cfbd2443173c1ef84427bd507ddffc3b9cf674bce66506e36","all GSE165816 metadata","READ_ONLY_VERIFIED","","","REUSED_LEGACY_HASH_VERIFIED; identity and scientific eligibility remain subject to M01/M02"
"SRC0012","03_data/raw_external_READ_ONLY/GSE165816/supplementary_counts/GSM5050521_G1counts.csv.gz","SUPPLEMENTARY_SAMPLE_COUNT_MATRIX","GEO_SUPPLEMENTARY_FILE","GSM5050521_G1counts.csv.gz","5450380","2021-01-29T19:02:59+00:00","630ad42f37d46b00a742d35d7e1d01fc84da376073c6e3a326b5be701ab1e435","one GEO library; participant mapping pending M01","READ_ONLY_VERIFIED","","","REUSED_LEGACY_HASH_VERIFIED; identity and scientific eligibility remain subject to M01/M02"
"SRC0013","03_data/raw_external_READ_ONLY/GSE165816/supplementary_counts/GSM5050522_G1Acounts.csv.gz","SUPPLEMENTARY_SAMPLE_COUNT_MATRIX","GEO_SUPPLEMENTARY_FILE","GSM5050522_G1Acounts.csv.gz","1737626","2021-01-29T19:03:00+00:00","301d63cc153b77d2daa71adb86022fd4cec67aaeaa94849d6e4f53ee78b78ab1","one GEO library; participant mapping pending M01","READ_ONLY_VERIFIED","","","REUSED_LEGACY_HASH_VERIFIED; identity and scientific eligibility remain subject to M01/M02"
"SRC0014","03_data/raw_external_READ_ONLY/GSE165816/supplementary_counts/GSM5050523_G2counts.csv.gz","SUPPLEMENTARY_SAMPLE_COUNT_MATRIX","GEO_SUPPLEMENTARY_FILE","GSM5050523_G2counts.csv.gz","8813478","2021-01-29T19:03:05+00:00","d648bf8e4c767a6131ec760d90daeff01efa8deb5753d43f95088909cc034d08","one GEO library; participant mapping pending M01","READ_ONLY_VERIFIED","","","REUSED_LEGACY_HASH_VERIFIED; identity and scientific eligibility remain subject to M01/M02"
"SRC0015","03_data/raw_external_READ_ONLY/GSE165816/supplementary_counts/GSM5050524_G2Acounts.csv.gz","SUPPLEMENTARY_SAMPLE_COUNT_MATRIX","GEO_SUPPLEMENTARY_FILE","GSM5050524_G2Acounts.csv.gz","1198641","2021-01-29T19:03:06+00:00","e6aade2e862ba25fddf5350c52e01628b8364ef4b0adcf4c0805c01acd4b43bb","one GEO library; participant mapping pending M01","READ_ONLY_VERIFIED","","","REUSED_LEGACY_HASH_VERIFIED; identity and scientific eligibility remain subject to M01/M02"
"SRC0016","03_data/raw_external_READ_ONLY/GSE165816/supplementary_counts/GSM5050525_G3counts.csv.gz","SUPPLEMENTARY_SAMPLE_COUNT_MATRIX","GEO_SUPPLEMENTARY_FILE","GSM5050525_G3counts.csv.gz","4072333","2021-01-29T19:03:08+00:00","1636667f3147d539907f75a3e2c26e1556aa14a7a08de448a2db2bdc8ee10301","one GEO library; participant mapping pending M01","READ_ONLY_VERIFIED","","","REUSED_LEGACY_HASH_VERIFIED; identity and scientific eligibility remain subject to M01/M02"
"SRC0017","03_data/raw_external_READ_ONLY/GSE165816/supplementary_counts/GSM5050526_G3Acounts.csv.gz","SUPPLEMENTARY_SAMPLE_COUNT_MATRIX","GEO_SUPPLEMENTARY_FILE","GSM5050526_G3Acounts.csv.gz","2023904","2021-01-29T19:03:09+00:00","d977dbdf147b5a8c5c8594cee29dd03a1a371006808efd63f2f3e8d37eb7c82c","one GEO library; participant mapping pending M01","READ_ONLY_VERIFIED","","","REUSED_LEGACY_HASH_VERIFIED; identity and scientific eligibility remain subject to M01/M02"
"SRC0018","03_data/raw_external_READ_ONLY/GSE165816/supplementary_counts/GSM5050527_G4counts.csv.gz","SUPPLEMENTARY_SAMPLE_COUNT_MATRIX","GEO_SUPPLEMENTARY_FILE","GSM5050527_G4counts.csv.gz","7294816","2021-01-29T19:03:13+00:00","7a604084aef904b43cc54cef00c547b9c93dc86663c063f597953ce21ddcd823","one GEO library; participant mapping pending M01","READ_ONLY_VERIFIED","","","REUSED_LEGACY_HASH_VERIFIED; identity and scientific eligibility remain subject to M01/M02"
"SRC0019","03_data/raw_external_READ_ONLY/GSE165816/supplementary_counts/GSM5050528_G4Acounts.csv.gz","SUPPLEMENTARY_SAMPLE_COUNT_MATRIX","GEO_SUPPLEMENTARY_FILE","GSM5050528_G4Acounts.csv.gz","3147194","2021-01-29T19:03:15+00:00","24c521f6e37d4fe3aa12b9068d381bc1b3cd3ec754c53b637cef75759e61ba83","one GEO library; participant mapping pending M01","READ_ONLY_VERIFIED","","","REUSED_LEGACY_HASH_VERIFIED; identity and scientific eligibility remain subject to M01/M02"
"SRC0020","03_data/raw_external_READ_ONLY/GSE165816/supplementary_counts/GSM5050529_G5counts.csv.gz","SUPPLEMENTARY_SAMPLE_COUNT_MATRIX","GEO_SUPPLEMENTARY_FILE","GSM5050529_G5counts.csv.gz","5927705","2021-01-29T19:03:18+00:00","457486a9c2c39ca87a3ad5b98f8d029eb25a7ac9f713dc35e3c87260492c9c69","one GEO library; participant mapping pending M01","READ_ONLY_VERIFIED","","","REUSED_LEGACY_HASH_VERIFIED; identity and scientific eligibility remain subject to M01/M02"
"SRC0021","03_data/raw_external_READ_ONLY/GSE165816/supplementary_counts/GSM5050530_G6counts.csv.gz","SUPPLEMENTARY_SAMPLE_COUNT_MATRIX","GEO_SUPPLEMENTARY_FILE","GSM5050530_G6counts.csv.gz","4978609","2021-01-29T19:03:21+00:00","e6918957e0187d6c6066fdb1a1689bfce771938db974a206111a1ac4b9951463","one GEO library; participant mapping pending M01","READ_ONLY_VERIFIED","","","REUSED_LEGACY_HASH_VERIFIED; identity and scientific eligibility remain subject to M01/M02"
"SRC0022","03_data/raw_external_READ_ONLY/GSE165816/supplementary_counts/GSM5050531_G7counts.csv.gz","SUPPLEMENTARY_SAMPLE_COUNT_MATRIX","GEO_SUPPLEMENTARY_FILE","GSM5050531_G7counts.csv.gz","4827505","2021-01-29T19:03:24+00:00","e40a1542ea6596959cf0c5ac7de42f8d48e5a565e351b6b1dcd7f3fa3d4e63ba","one GEO library; participant mapping pending M01","READ_ONLY_VERIFIED","","","REUSED_LEGACY_HASH_VERIFIED; identity and scientific eligibility remain subject to M01/M02"
"SRC0023","03_data/raw_external_READ_ONLY/GSE165816/supplementary_counts/GSM5050532_G8counts.csv.gz","SUPPLEMENTARY_SAMPLE_COUNT_MATRIX","GEO_SUPPLEMENTARY_FILE","GSM5050532_G8counts.csv.gz","5806166","2021-01-29T19:03:27+00:00","77f0053bdb39e66c71e38c9f7f145ced6bf7ecdb4e78e30f56c94e1904503d77","one GEO library; participant mapping pending M01","READ_ONLY_VERIFIED","","","REUSED_LEGACY_HASH_VERIFIED; identity and scientific eligibility remain subject to M01/M02"
"SRC0024","03_data/raw_external_READ_ONLY/GSE165816/supplementary_counts/GSM5050533_G9counts.csv.gz","SUPPLEMENTARY_SAMPLE_COUNT_MATRIX","GEO_SUPPLEMENTARY_FILE","GSM5050533_G9counts.csv.gz","9238226","2021-01-29T19:03:32+00:00","ee9a08755ac5f63b3fe68636baaf465a73b5618aaa9a89048d486ed3d66cd47c","one GEO library; participant mapping pending M01","READ_ONLY_VERIFIED","","","REUSED_LEGACY_HASH_VERIFIED; identity and scientific eligibility remain subject to M01/M02"
"SRC0025","03_data/raw_external_READ_ONLY/GSE165816/supplementary_counts/GSM5050534_G10counts.csv.gz","SUPPLEMENTARY_SAMPLE_COUNT_MATRIX","GEO_SUPPLEMENTARY_FILE","GSM5050534_G10counts.csv.gz","10136090","2021-01-29T19:03:38+00:00","041386388cbca9fa6b4ce26427d60bdde768f4980dea18d466a03e46463363f9","one GEO library; participant mapping pending M01","READ_ONLY_VERIFIED","","","REUSED_LEGACY_HASH_VERIFIED; identity and scientific eligibility remain subject to M01/M02"
"SRC0026","03_data/raw_external_READ_ONLY/GSE165816/supplementary_counts/GSM5050535_G11counts.csv.gz","SUPPLEMENTARY_SAMPLE_COUNT_MATRIX","GEO_SUPPLEMENTARY_FILE","GSM5050535_G11counts.csv.gz","4537879","2021-01-29T19:03:40+00:00","bb4b510329ed01a2ce541a7dd8c24e6e055a13bbc3038b200b3293980a85c125","one GEO library; participant mapping pending M01","READ_ONLY_VERIFIED","","","REUSED_LEGACY_HASH_VERIFIED; identity and scientific eligibility remain subject to M01/M02"
"SRC0027","03_data/raw_external_READ_ONLY/GSE165816/supplementary_counts/GSM5050536_G12counts.csv.gz","SUPPLEMENTARY_SAMPLE_COUNT_MATRIX","GEO_SUPPLEMENTARY_FILE","GSM5050536_G12counts.csv.gz","9295635","2021-01-29T19:03:46+00:00","992c2b5df0088ec9b1fe2566c98fe7e03fc8a9e32d6e79698ed6ec0c16eced98","one GEO library; participant mapping pending M01","READ_ONLY_VERIFIED","","","REUSED_LEGACY_HASH_VERIFIED; identity and scientific eligibility remain subject to M01/M02"
"SRC0028","03_data/raw_external_READ_ONLY/GSE165816/supplementary_counts/GSM5050537_G13counts.csv.gz","SUPPLEMENTARY_SAMPLE_COUNT_MATRIX","GEO_SUPPLEMENTARY_FILE","GSM5050537_G13counts.csv.gz","11713756","2021-01-29T19:03:52+00:00","7e14e9900c6f2858b8283086ba9a14f5bc8ce8d9229cabbaaa233ab29d4bb154","one GEO library; participant mapping pending M01","READ_ONLY_VERIFIED","","","REUSED_LEGACY_HASH_VERIFIED; identity and scientific eligibility remain subject to M01/M02"
"SRC0029","03_data/raw_external_READ_ONLY/GSE165816/supplementary_counts/GSM5050538_G14counts.csv.gz","SUPPLEMENTARY_SAMPLE_COUNT_MATRIX","GEO_SUPPLEMENTARY_FILE","GSM5050538_G14counts.csv.gz","11195226","2021-01-29T19:03:59+00:00","b9698df426652b2d6927ecad698516e79700f26c29eed5ba538659814f9a4be9","one GEO library; participant mapping pending M01","READ_ONLY_VERIFIED","","","REUSED_LEGACY_HASH_VERIFIED; identity and scientific eligibility remain subject to M01/M02"
"SRC0030","03_data/raw_external_READ_ONLY/GSE165816/supplementary_counts/GSM5050539_G15counts.csv.gz","SUPPLEMENTARY_SAMPLE_COUNT_MATRIX","GEO_SUPPLEMENTARY_FILE","GSM5050539_G15counts.csv.gz","5733146","2021-01-29T19:04:03+00:00","5ae0162819d4f68696d517a1d3269604eb3b40c89c1781063caffc4b62fbf43e","one GEO library; participant mapping pending M01","READ_ONLY_VERIFIED","","","REUSED_LEGACY_HASH_VERIFIED; identity and scientific eligibility remain subject to M01/M02"
"SRC0031","03_data/raw_external_READ_ONLY/GSE165816/supplementary_counts/GSM5050540_G16counts.csv.gz","SUPPLEMENTARY_SAMPLE_COUNT_MATRIX","GEO_SUPPLEMENTARY_FILE","GSM5050540_G16counts.csv.gz","8667182","2021-01-29T19:04:08+00:00","16e3e3f8dd109ada84c6a193bf70cadd5273fcc5ac7a8b9b249f2eb8061e2068","one GEO library; participant mapping pending M01","READ_ONLY_VERIFIED","","","REUSED_LEGACY_HASH_VERIFIED; identity and scientific eligibility remain subject to M01/M02"
"SRC0032","03_data/raw_external_READ_ONLY/GSE165816/supplementary_counts/GSM5050541_G17counts.csv.gz","SUPPLEMENTARY_SAMPLE_COUNT_MATRIX","GEO_SUPPLEMENTARY_FILE","GSM5050541_G17counts.csv.gz","8986915","2021-01-29T19:04:13+00:00","f20e1b1d150d14e66b2ddad27cef766aa85a5239cb4fb7714b078d91e9c758c6","one GEO library; participant mapping pending M01","READ_ONLY_VERIFIED","","","REUSED_LEGACY_HASH_VERIFIED; identity and scientific eligibility remain subject to M01/M02"
"SRC0033","03_data/raw_external_READ_ONLY/GSE165816/supplementary_counts/GSM5050542_G18counts.csv.gz","SUPPLEMENTARY_SAMPLE_COUNT_MATRIX","GEO_SUPPLEMENTARY_FILE","GSM5050542_G18counts.csv.gz","9043465","2021-01-29T19:04:18+00:00","64b55e822e9415a867a0abbca5eb6a5f9d516d0a5df24aad12f42c892ba1b084","one GEO library; participant mapping pending M01","READ_ONLY_VERIFIED","","","REUSED_LEGACY_HASH_VERIFIED; identity and scientific eligibility remain subject to M01/M02"
"SRC0034","03_data/raw_external_READ_ONLY/GSE165816/supplementary_counts/GSM5050543_G19counts.csv.gz","SUPPLEMENTARY_SAMPLE_COUNT_MATRIX","GEO_SUPPLEMENTARY_FILE","GSM5050543_G19counts.csv.gz","5583088","2021-01-29T19:04:22+00:00","4efd68baf29929fc18b651f49fee37d1dca023c7754c4d5fd7fa04fee2019610","one GEO library; participant mapping pending M01","READ_ONLY_VERIFIED","","","REUSED_LEGACY_HASH_VERIFIED; identity and scientific eligibility remain subject to M01/M02"
"SRC0035","03_data/raw_external_READ_ONLY/GSE165816/supplementary_counts/GSM5050544_G20counts.csv.gz","SUPPLEMENTARY_SAMPLE_COUNT_MATRIX","GEO_SUPPLEMENTARY_FILE","GSM5050544_G20counts.csv.gz","5992170","2021-01-29T19:04:26+00:00","d34c148aa9436251c06ecca781a91c239a543817ee5afc0481cc4b3c57bd2b4c","one GEO library; participant mapping pending M01","READ_ONLY_VERIFIED","","","REUSED_LEGACY_HASH_VERIFIED; identity and scientific eligibility remain subject to M01/M02"
"SRC0036","03_data/raw_external_READ_ONLY/GSE165816/supplementary_counts/GSM5050545_G21counts.csv.gz","SUPPLEMENTARY_SAMPLE_COUNT_MATRIX","GEO_SUPPLEMENTARY_FILE","GSM5050545_G21counts.csv.gz","6827647","2021-01-29T19:04:30+00:00","bba227591fb0b54547cb206d10727610580c927f22100653b841513f65e46ef8","one GEO library; participant mapping pending M01","READ_ONLY_VERIFIED","","","REUSED_LEGACY_HASH_VERIFIED; identity and scientific eligibility remain subject to M01/M02"
"SRC0037","03_data/raw_external_READ_ONLY/GSE165816/supplementary_counts/GSM5050546_G22counts.csv.gz","SUPPLEMENTARY_SAMPLE_COUNT_MATRIX","GEO_SUPPLEMENTARY_FILE","GSM5050546_G22counts.csv.gz","5856935","2021-01-29T19:04:34+00:00","288f4513a2ece3801c84ee40cf0f96a6caafe57a1e1bc1d689533eb220a5e9da","one GEO library; participant mapping pending M01","READ_ONLY_VERIFIED","","","REUSED_LEGACY_HASH_VERIFIED; identity and scientific eligibility remain subject to M01/M02"
"SRC0038","03_data/raw_external_READ_ONLY/GSE165816/supplementary_counts/GSM5050547_G23counts.csv.gz","SUPPLEMENTARY_SAMPLE_COUNT_MATRIX","GEO_SUPPLEMENTARY_FILE","GSM5050547_G23counts.csv.gz","12464709","2021-01-29T19:04:42+00:00","da86ddcace1620bd9528ca16f2c15de6bbbe35d75c080949edab29ee28e6b7c5","one GEO library; participant mapping pending M01","READ_ONLY_VERIFIED","","","REUSED_LEGACY_HASH_VERIFIED; identity and scientific eligibility remain subject to M01/M02"
"SRC0039","03_data/raw_external_READ_ONLY/GSE165816/supplementary_counts/GSM5050548_G24counts.csv.gz","SUPPLEMENTARY_SAMPLE_COUNT_MATRIX","GEO_SUPPLEMENTARY_FILE","GSM5050548_G24counts.csv.gz","8514598","2021-01-29T19:04:47+00:00","bb77000af184e8a5a070d12040b2fa39c9c112fded41c2e97a73d87b5a4c2acd","one GEO library; participant mapping pending M01","READ_ONLY_VERIFIED","","","REUSED_LEGACY_HASH_VERIFIED; identity and scientific eligibility remain subject to M01/M02"
"SRC0040","03_data/raw_external_READ_ONLY/GSE165816/supplementary_counts/GSM5050549_G25counts.csv.gz","SUPPLEMENTARY_SAMPLE_COUNT_MATRIX","GEO_SUPPLEMENTARY_FILE","GSM5050549_G25counts.csv.gz","7982588","2021-01-29T19:04:51+00:00","ab1bfd572b2dd71a5b8f0bedf60b93505460d5b73da84d510079dc17b12de814","one GEO library; participant mapping pending M01","READ_ONLY_VERIFIED","","","REUSED_LEGACY_HASH_VERIFIED; identity and scientific eligibility remain subject to M01/M02"
"SRC0041","03_data/raw_external_READ_ONLY/GSE165816/supplementary_counts/GSM5050550_G26counts.csv.gz","SUPPLEMENTARY_SAMPLE_COUNT_MATRIX","GEO_SUPPLEMENTARY_FILE","GSM5050550_G26counts.csv.gz","5825835","2021-01-29T19:04:55+00:00","23923073259285e3156f4bfaac404feca74565eea9342ad13af9afae87aec753","one GEO library; participant mapping pending M01","READ_ONLY_VERIFIED","","","REUSED_LEGACY_HASH_VERIFIED; identity and scientific eligibility remain subject to M01/M02"
"SRC0042","03_data/raw_external_READ_ONLY/GSE165816/supplementary_counts/GSM5050551_G27counts.csv.gz","SUPPLEMENTARY_SAMPLE_COUNT_MATRIX","GEO_SUPPLEMENTARY_FILE","GSM5050551_G27counts.csv.gz","7073279","2021-01-29T19:04:59+00:00","7c7c364d5430ef549606ad864446cd4f11dd6504ee29419d9e2e020241cb2e4f","one GEO library; participant mapping pending M01","READ_ONLY_VERIFIED","","","REUSED_LEGACY_HASH_VERIFIED; identity and scientific eligibility remain subject to M01/M02"
"SRC0043","03_data/raw_external_READ_ONLY/GSE165816/supplementary_counts/GSM5050552_G28counts.csv.gz","SUPPLEMENTARY_SAMPLE_COUNT_MATRIX","GEO_SUPPLEMENTARY_FILE","GSM5050552_G28counts.csv.gz","6753091","2021-01-29T19:05:04+00:00","7f4ad678f14b4b0df9f777b4f7036dadbc08329a13f0a5414f5de96de10c25c6","one GEO library; participant mapping pending M01","READ_ONLY_VERIFIED","","","REUSED_LEGACY_HASH_VERIFIED; identity and scientific eligibility remain subject to M01/M02"
"SRC0044","03_data/raw_external_READ_ONLY/GSE165816/supplementary_counts/GSM5050553_G29counts.csv.gz","SUPPLEMENTARY_SAMPLE_COUNT_MATRIX","GEO_SUPPLEMENTARY_FILE","GSM5050553_G29counts.csv.gz","10189707","2021-01-29T19:05:09+00:00","014ac1102695719c432d7afe79c61684437b102f8c01c065112efe2c9ceb3e02","one GEO library; participant mapping pending M01","READ_ONLY_VERIFIED","","","REUSED_LEGACY_HASH_VERIFIED; identity and scientific eligibility remain subject to M01/M02"
"SRC0045","03_data/raw_external_READ_ONLY/GSE165816/supplementary_counts/GSM5050554_G30counts.csv.gz","SUPPLEMENTARY_SAMPLE_COUNT_MATRIX","GEO_SUPPLEMENTARY_FILE","GSM5050554_G30counts.csv.gz","8888703","2021-01-29T19:05:15+00:00","15d89064b81b8ab384805e32020b511496d8ac94fa4901bd172fc00a7be35b53","one GEO library; participant mapping pending M01","READ_ONLY_VERIFIED","","","REUSED_LEGACY_HASH_VERIFIED; identity and scientific eligibility remain subject to M01/M02"
"SRC0046","03_data/raw_external_READ_ONLY/GSE165816/supplementary_counts/GSM5050555_G31counts.csv.gz","SUPPLEMENTARY_SAMPLE_COUNT_MATRIX","GEO_SUPPLEMENTARY_FILE","GSM5050555_G31counts.csv.gz","8104951","2021-01-29T19:05:19+00:00","712a24f515720fd860652aa8964cfc9d7233d24ff1b62516071125857ecd37bd","one GEO library; participant mapping pending M01","READ_ONLY_VERIFIED","","","REUSED_LEGACY_HASH_VERIFIED; identity and scientific eligibility remain subject to M01/M02"
"SRC0047","03_data/raw_external_READ_ONLY/GSE165816/supplementary_counts/GSM5050556_G32counts.csv.gz","SUPPLEMENTARY_SAMPLE_COUNT_MATRIX","GEO_SUPPLEMENTARY_FILE","GSM5050556_G32counts.csv.gz","9717911","2021-01-29T19:05:25+00:00","e8610c5f6ada7da8f3d89d9013f92e0c72056eeb3ce33eb293a218c2b1bda520","one GEO library; participant mapping pending M01","READ_ONLY_VERIFIED","","","REUSED_LEGACY_HASH_VERIFIED; identity and scientific eligibility remain subject to M01/M02"
"SRC0048","03_data/raw_external_READ_ONLY/GSE165816/supplementary_counts/GSM5050557_G33counts.csv.gz","SUPPLEMENTARY_SAMPLE_COUNT_MATRIX","GEO_SUPPLEMENTARY_FILE","GSM5050557_G33counts.csv.gz","9856602","2021-01-29T19:05:31+00:00","232079a56757c445d85816f431395d654a7df30d527e82bb5c0e6710a9d1ec78","one GEO library; participant mapping pending M01","READ_ONLY_VERIFIED","","","REUSED_LEGACY_HASH_VERIFIED; identity and scientific eligibility remain subject to M01/M02"
"SRC0049","03_data/raw_external_READ_ONLY/GSE165816/supplementary_counts/GSM5050558_G34counts.csv.gz","SUPPLEMENTARY_SAMPLE_COUNT_MATRIX","GEO_SUPPLEMENTARY_FILE","GSM5050558_G34counts.csv.gz","8284881","2021-01-29T19:05:37+00:00","6c237bc76c5dc49968811edcf229950773f57bbb331c8b7f052ae7d3c30e6945","one GEO library; participant mapping pending M01","READ_ONLY_VERIFIED","","","REUSED_LEGACY_HASH_VERIFIED; identity and scientific eligibility remain subject to M01/M02"
"SRC0050","03_data/raw_external_READ_ONLY/GSE165816/supplementary_counts/GSM5050559_G35counts.csv.gz","SUPPLEMENTARY_SAMPLE_COUNT_MATRIX","GEO_SUPPLEMENTARY_FILE","GSM5050559_G35counts.csv.gz","7511559","2021-01-29T19:05:41+00:00","29f6d169c949a51cee50d6ba0a26232d05d6a756ab09e9309498d3904d5804f6","one GEO library; participant mapping pending M01","READ_ONLY_VERIFIED","","","REUSED_LEGACY_HASH_VERIFIED; identity and scientific eligibility remain subject to M01/M02"
"SRC0051","03_data/raw_external_READ_ONLY/GSE165816/supplementary_counts/GSM5050560_G36counts.csv.gz","SUPPLEMENTARY_SAMPLE_COUNT_MATRIX","GEO_SUPPLEMENTARY_FILE","GSM5050560_G36counts.csv.gz","12716155","2021-01-29T19:05:48+00:00","2e21613f21a4a3dc0d516ecefc26f474ea2e2a3c331ad5b1a0c85d6d318405f2","one GEO library; participant mapping pending M01","READ_ONLY_VERIFIED","","","REUSED_LEGACY_HASH_VERIFIED; identity and scientific eligibility remain subject to M01/M02"
"SRC0052","03_data/raw_external_READ_ONLY/GSE165816/supplementary_counts/GSM5050561_G37counts.csv.gz","SUPPLEMENTARY_SAMPLE_COUNT_MATRIX","GEO_SUPPLEMENTARY_FILE","GSM5050561_G37counts.csv.gz","13240477","2021-01-29T19:05:56+00:00","429785b9221fd396167474d2ceee78bc0a0c97a427b7b2e5c2b4a5beb168d97b","one GEO library; participant mapping pending M01","READ_ONLY_VERIFIED","","","REUSED_LEGACY_HASH_VERIFIED; identity and scientific eligibility remain subject to M01/M02"
"SRC0053","03_data/raw_external_READ_ONLY/GSE165816/supplementary_counts/GSM5050562_G38counts.csv.gz","SUPPLEMENTARY_SAMPLE_COUNT_MATRIX","GEO_SUPPLEMENTARY_FILE","GSM5050562_G38counts.csv.gz","5311190","2021-01-29T19:05:59+00:00","13582676b080df5b2fe238281ab2912febf5c7cc15f1544c99b89336ae6d569c","one GEO library; participant mapping pending M01","READ_ONLY_VERIFIED","","","REUSED_LEGACY_HASH_VERIFIED; identity and scientific eligibility remain subject to M01/M02"
"SRC0054","03_data/raw_external_READ_ONLY/GSE165816/supplementary_counts/GSM5050563_G39counts.csv.gz","SUPPLEMENTARY_SAMPLE_COUNT_MATRIX","GEO_SUPPLEMENTARY_FILE","GSM5050563_G39counts.csv.gz","9537546","2021-01-29T19:06:04+00:00","c179540deb245188a1f43c709c4736a5e634fc10a48e29721bb61e2102cb8d71","one GEO library; participant mapping pending M01","READ_ONLY_VERIFIED","","","REUSED_LEGACY_HASH_VERIFIED; identity and scientific eligibility remain subject to M01/M02"
"SRC0055","03_data/raw_external_READ_ONLY/GSE165816/supplementary_counts/GSM5050564_G40counts.csv.gz","SUPPLEMENTARY_SAMPLE_COUNT_MATRIX","GEO_SUPPLEMENTARY_FILE","GSM5050564_G40counts.csv.gz","7333377","2021-01-29T19:06:08+00:00","64734ea81c80bcea112cce4e2fddf0092eba87d69d9dec6ecd653971c9508f4a","one GEO library; participant mapping pending M01","READ_ONLY_VERIFIED","","","REUSED_LEGACY_HASH_VERIFIED; identity and scientific eligibility remain subject to M01/M02"
"SRC0056","03_data/raw_external_READ_ONLY/GSE165816/supplementary_counts/GSM5050565_G41counts.csv.gz","SUPPLEMENTARY_SAMPLE_COUNT_MATRIX","GEO_SUPPLEMENTARY_FILE","GSM5050565_G41counts.csv.gz","7224116","2021-01-29T19:06:12+00:00","79c2c87da49e935999dbdf7bb76947a5584cdd15a92f308be6e269273bbc0661","one GEO library; participant mapping pending M01","READ_ONLY_VERIFIED","","","REUSED_LEGACY_HASH_VERIFIED; identity and scientific eligibility remain subject to M01/M02"
"SRC0057","03_data/raw_external_READ_ONLY/GSE165816/supplementary_counts/GSM5050566_G42counts.csv.gz","SUPPLEMENTARY_SAMPLE_COUNT_MATRIX","GEO_SUPPLEMENTARY_FILE","GSM5050566_G42counts.csv.gz","6726330","2021-01-29T19:06:16+00:00","491bbce789af4133a37806e79e7e7c41e2851ffa75ab01469a9b1f9fb06b5729","one GEO library; participant mapping pending M01","READ_ONLY_VERIFIED","","","REUSED_LEGACY_HASH_VERIFIED; identity and scientific eligibility remain subject to M01/M02"
"SRC0058","03_data/raw_external_READ_ONLY/GSE165816/supplementary_counts/GSM5050567_G43counts.csv.gz","SUPPLEMENTARY_SAMPLE_COUNT_MATRIX","GEO_SUPPLEMENTARY_FILE","GSM5050567_G43counts.csv.gz","3992131","2021-01-29T19:06:18+00:00","c3cedaaa28b4371548b17bd696bc4ec1f079e163c42818f862f45684051d0d51","one GEO library; participant mapping pending M01","READ_ONLY_VERIFIED","","","REUSED_LEGACY_HASH_VERIFIED; identity and scientific eligibility remain subject to M01/M02"
"SRC0059","03_data/raw_external_READ_ONLY/GSE165816/supplementary_counts/GSM5050568_G44counts.csv.gz","SUPPLEMENTARY_SAMPLE_COUNT_MATRIX","GEO_SUPPLEMENTARY_FILE","GSM5050568_G44counts.csv.gz","6172619","2021-01-29T19:06:21+00:00","5ee5e80bc1eb4cb17b0f0b0245b128d86390782ea25d40d8f7d52f23612adad6","one GEO library; participant mapping pending M01","READ_ONLY_VERIFIED","","","REUSED_LEGACY_HASH_VERIFIED; identity and scientific eligibility remain subject to M01/M02"
"SRC0060","03_data/raw_external_READ_ONLY/GSE165816/supplementary_counts/GSM5050569_G45counts.csv.gz","SUPPLEMENTARY_SAMPLE_COUNT_MATRIX","GEO_SUPPLEMENTARY_FILE","GSM5050569_G45counts.csv.gz","13809312","2021-01-29T19:06:29+00:00","4a8e3d6a9a1ba727238f12f1d6ba4ac331f39bea3344cfd83ced5ca52f51c9e3","one GEO library; participant mapping pending M01","READ_ONLY_VERIFIED","","","REUSED_LEGACY_HASH_VERIFIED; identity and scientific eligibility remain subject to M01/M02"
"SRC0061","03_data/raw_external_READ_ONLY/GSE165816/supplementary_counts/GSM5050570_G46counts.csv.gz","SUPPLEMENTARY_SAMPLE_COUNT_MATRIX","GEO_SUPPLEMENTARY_FILE","GSM5050570_G46counts.csv.gz","5567112","2021-01-29T19:06:32+00:00","1900a5231d6f6066f8045d5745cde415bc991f5e9cae038193e6ad6aba256769","one GEO library; participant mapping pending M01","READ_ONLY_VERIFIED","","","REUSED_LEGACY_HASH_VERIFIED; identity and scientific eligibility remain subject to M01/M02"
"SRC0062","03_data/raw_external_READ_ONLY/GSE165816/supplementary_counts/GSM5050571_G47counts.csv.gz","SUPPLEMENTARY_SAMPLE_COUNT_MATRIX","GEO_SUPPLEMENTARY_FILE","GSM5050571_G47counts.csv.gz","9906435","2021-01-29T19:06:38+00:00","55277ce00f254610d1cad5a2f85279038bc22b5d490f7324474dcdde1d21f1f4","one GEO library; participant mapping pending M01","READ_ONLY_VERIFIED","","","REUSED_LEGACY_HASH_VERIFIED; identity and scientific eligibility remain subject to M01/M02"
"SRC0063","03_data/raw_external_READ_ONLY/GSE165816/supplementary_counts/GSM5050572_G48counts.csv.gz","SUPPLEMENTARY_SAMPLE_COUNT_MATRIX","GEO_SUPPLEMENTARY_FILE","GSM5050572_G48counts.csv.gz","6587770","2021-01-29T19:06:41+00:00","d1eb2101dd4eb0284ed4e8f836b64455bc5e7eff8de1dd46fb188c8782a73752","one GEO library; participant mapping pending M01","READ_ONLY_VERIFIED","","","REUSED_LEGACY_HASH_VERIFIED; identity and scientific eligibility remain subject to M01/M02"
"SRC0064","03_data/raw_external_READ_ONLY/GSE165816/supplementary_counts/GSM5050573_G49counts.csv.gz","SUPPLEMENTARY_SAMPLE_COUNT_MATRIX","GEO_SUPPLEMENTARY_FILE","GSM5050573_G49counts.csv.gz","12557134","2021-01-29T19:06:48+00:00","17a36332c26fb3844e513a542706baff29f485278b92f276fd1f8567c8b7d217","one GEO library; participant mapping pending M01","READ_ONLY_VERIFIED","","","REUSED_LEGACY_HASH_VERIFIED; identity and scientific eligibility remain subject to M01/M02"
"SRC0065","03_data/raw_external_READ_ONLY/GSE165816/supplementary_counts/GSM5050574_G50counts.csv.gz","SUPPLEMENTARY_SAMPLE_COUNT_MATRIX","GEO_SUPPLEMENTARY_FILE","GSM5050574_G50counts.csv.gz","10270832","2021-01-29T19:06:54+00:00","3a31bb18752971ae3dd71ea4b581096254aa2e8e26d010654e0b68ebd3aa5c8b","one GEO library; participant mapping pending M01","READ_ONLY_VERIFIED","","","REUSED_LEGACY_HASH_VERIFIED; identity and scientific eligibility remain subject to M01/M02"
"SRC0066","03_data/raw_external_READ_ONLY/GSE199939/GSE199939_family.xml.tgz","ACCESSION_METADATA","GEO_METADATA","GSE199939_family.xml.tgz","3402","2026-05-27T04:40:21+00:00","3c9eb4d3b1d78bc101f8bf06d500636ef950c140b8742792f48e7fe4947777b1","all GSE199939 metadata","READ_ONLY_VERIFIED","https://ftp.ncbi.nlm.nih.gov/geo/series/GSE199nnn/GSE199939/miniml/GSE199939_family.xml.tgz","","DOWNLOADED_20260825; identity and scientific eligibility remain subject to M01/M02"
"SRC0067","03_data/raw_external_READ_ONLY/GSE199939/GSE199939_gene.tpm.matrix.annot_-_21.txt.gz","SUBMITTER_TPM_MATRIX","GEO_SUPPLEMENTARY_FILE","GSE199939_gene.tpm.matrix.annot_-_21.txt.gz","2655751","2022-04-01T14:28:40+00:00","d89992fc91025c59b7d760cd331c9f4307dc6faa99481407e5a1fcab682a21e2","all samples in GSE199939","READ_ONLY_VERIFIED","https://ftp.ncbi.nlm.nih.gov/geo/series/GSE199nnn/GSE199939/suppl/GSE199939_gene.tpm.matrix.annot_-_21.txt.gz","","DOWNLOADED_20260825; identity and scientific eligibility remain subject to M01/M02"
"SRC0068","03_data/raw_external_READ_ONLY/GSE199939/GSE199939_norm_counts_FPKM_GRCh38.p13_NCBI.tsv.gz","NORMALIZED_EXPRESSION_MATRIX_SECONDARY","NCBI_GEO_GENERATED_MATRIX","GSE199939_norm_counts_FPKM_GRCh38.p13_NCBI.tsv.gz","1674346","2026-04-16T08:54:43.792000+00:00","07408424b7db8ce815c10e514386dec373db43bf6323473a4647df573c913ea9","all samples in GSE199939; mapping pending M01","READ_ONLY_VERIFIED","","","REUSED_LEGACY_HASH_VERIFIED; identity and scientific eligibility remain subject to M01/M02"
"SRC0069","03_data/raw_external_READ_ONLY/GSE199939/GSE199939_norm_counts_TPM_GRCh38.p13_NCBI.tsv.gz","NORMALIZED_EXPRESSION_MATRIX_SECONDARY","NCBI_GEO_GENERATED_MATRIX","GSE199939_norm_counts_TPM_GRCh38.p13_NCBI.tsv.gz","1662139","2026-04-16T08:54:46.563000+00:00","c70c60e14e74ceaa211e2aa5c182e7411b2ba383663c72d99d014483e16c60dd","all samples in GSE199939; mapping pending M01","READ_ONLY_VERIFIED","","","REUSED_LEGACY_HASH_VERIFIED; identity and scientific eligibility remain subject to M01/M02"
"SRC0070","03_data/raw_external_READ_ONLY/GSE199939/GSE199939_raw_counts_GRCh38.p13_NCBI.tsv.gz","RAW_COUNT_MATRIX","NCBI_GEO_GENERATED_MATRIX","GSE199939_raw_counts_GRCh38.p13_NCBI.tsv.gz","1009086","2026-04-16T08:54:35.873000+00:00","555bfa60005eb5782fc6cf86c6e1f83a022969b14318f0a0078cbb128c43b0e0","all samples in GSE199939; mapping pending M01","READ_ONLY_VERIFIED","","","REUSED_LEGACY_HASH_VERIFIED; identity and scientific eligibility remain subject to M01/M02"
"SRC0071","03_data/raw_external_READ_ONLY/GSE199939/GSE199939_series_matrix.txt.gz","ACCESSION_METADATA","GEO_METADATA","GSE199939_series_matrix.txt.gz","2566","2026-05-27T04:40:21+00:00","81a5e8b44f6b7b920fca3e8c729959d944d38e2a094ca18fb02683accaa80a54","all GSE199939 metadata","READ_ONLY_VERIFIED","https://ftp.ncbi.nlm.nih.gov/geo/series/GSE199nnn/GSE199939/matrix/GSE199939_series_matrix.txt.gz","","DOWNLOADED_20260825; identity and scientific eligibility remain subject to M01/M02"
"SRC0072","03_data/raw_external_READ_ONLY/GSE68183/GSE68183_family.xml.tgz","ACCESSION_METADATA","GEO_METADATA","GSE68183_family.xml.tgz","3006072","2026-08-14T05:26:55+00:00","c9cba0a52a9b0502e9dcd86598f1aefef5dcf98edc79ff214893b22ebf2fdd83","all GSE68183 metadata","READ_ONLY_VERIFIED","https://ftp.ncbi.nlm.nih.gov/geo/series/GSE68nnn/GSE68183/miniml/GSE68183_family.xml.tgz","","DOWNLOADED_20260825; identity and scientific eligibility remain subject to M01/M02"
"SRC0073","03_data/raw_external_READ_ONLY/GSE68183/GSE68183_RAW.tar","RAW_ARRAY_ARCHIVE","GEO_SUPPLEMENTARY_ARCHIVE","GSE68183_RAW.tar","55531520","2015-05-01T11:33:45+00:00","70590e9a14dd5295906778116a374379a5afc9df71ffa16fc5fff692a0fdaaa3","all CEL/CHP objects in GSE68183","READ_ONLY_VERIFIED","https://ftp.ncbi.nlm.nih.gov/geo/series/GSE68nnn/GSE68183/suppl/GSE68183_RAW.tar","","DOWNLOADED_20260825; identity and scientific eligibility remain subject to M01/M02"
"SRC0074","03_data/raw_external_READ_ONLY/GSE68183/GSE68183_series_matrix.txt.gz","ACCESSION_METADATA","GEO_METADATA","GSE68183_series_matrix.txt.gz","1258505","2026-08-14T05:26:56+00:00","a739f41b8462c75e3eaeb49c8e8ad406b6a64624426417ab1bb58f41d7426558","all GSE68183 metadata","READ_ONLY_VERIFIED","https://ftp.ncbi.nlm.nih.gov/geo/series/GSE68nnn/GSE68183/matrix/GSE68183_series_matrix.txt.gz","","DOWNLOADED_20260825; identity and scientific eligibility remain subject to M01/M02"
"SRC0075","03_data/raw_external_READ_ONLY/GSE68183/GSE68183_suppl_filelist.txt","SUPPLEMENTARY_ARCHIVE_INDEX","GEO_FILELIST","GSE68183_suppl_filelist.txt","830","2015-05-01T11:33:45+00:00","828b752f0ba2d03916b765333938eb4a94413a40d3d2ff0ced2556096b721fa1","all GSE68183 supplementary objects","READ_ONLY_VERIFIED","https://ftp.ncbi.nlm.nih.gov/geo/series/GSE68nnn/GSE68183/suppl/filelist.txt","","DOWNLOADED_20260825; identity and scientific eligibility remain subject to M01/M02"
"SRC0076","03_data/raw_external_READ_ONLY/GSE80178/GSE80178_family.xml.tgz","ACCESSION_METADATA","GEO_METADATA","GSE80178_family.xml.tgz","5042795","2026-08-14T05:17:37+00:00","525870b78a43eed1bf85fc2169b74be8ad7b9beca7cefdcc1f709cd3252e6ae0","all GSE80178 metadata","READ_ONLY_VERIFIED","https://ftp.ncbi.nlm.nih.gov/geo/series/GSE80nnn/GSE80178/miniml/GSE80178_family.xml.tgz","","DOWNLOADED_20260825; identity and scientific eligibility remain subject to M01/M02"
"SRC0077","03_data/raw_external_READ_ONLY/GSE80178/GSE80178_further_processed_data.txt.gz","SUBMITTER_PROCESSED_EXPRESSION","GEO_SUPPLEMENTARY_FILE","GSE80178_further_processed_data.txt.gz","153303","2016-04-12T15:11:56+00:00","e465871aab08914c73c3dc326c38295114ab8bce901ac0aebc7500df7590b4ba","all samples in GSE80178","READ_ONLY_VERIFIED","https://ftp.ncbi.nlm.nih.gov/geo/series/GSE80nnn/GSE80178/suppl/GSE80178_further_processed_data.txt.gz","","DOWNLOADED_20260825; identity and scientific eligibility remain subject to M01/M02"
"SRC0078","03_data/raw_external_READ_ONLY/GSE80178/GSE80178_RAW.tar","RAW_ARRAY_ARCHIVE","GEO_SUPPLEMENTARY_ARCHIVE","GSE80178_RAW.tar","109506560","2017-12-28T17:13:15+00:00","ac9ee8103a261353fd3aff5dd278970f2aa1a0687f58b83c63eb7cc88349abe2","all CEL/CHP objects in GSE80178","READ_ONLY_VERIFIED","https://ftp.ncbi.nlm.nih.gov/geo/series/GSE80nnn/GSE80178/suppl/GSE80178_RAW.tar","","DOWNLOADED_20260825; identity and scientific eligibility remain subject to M01/M02"
"SRC0079","03_data/raw_external_READ_ONLY/GSE80178/GSE80178_series_matrix.txt.gz","ACCESSION_METADATA","GEO_METADATA","GSE80178_series_matrix.txt.gz","2336093","2026-08-14T05:17:40+00:00","989f08bad8d6963da1ec2b6a41f5da5523bd17388ff737607749f550c947d2b2","all GSE80178 metadata","READ_ONLY_VERIFIED","https://ftp.ncbi.nlm.nih.gov/geo/series/GSE80nnn/GSE80178/matrix/GSE80178_series_matrix.txt.gz","","DOWNLOADED_20260825; identity and scientific eligibility remain subject to M01/M02"
"SRC0080","03_data/raw_external_READ_ONLY/GSE80178/GSE80178_suppl_filelist.txt","SUPPLEMENTARY_ARCHIVE_INDEX","GEO_FILELIST","GSE80178_suppl_filelist.txt","1533","2017-12-28T17:13:15+00:00","e432dc6dd17fdd16c44e16ca20baabfbe2024571d5bf7dcb1fa49f444f049d7b","all GSE80178 supplementary objects","READ_ONLY_VERIFIED","https://ftp.ncbi.nlm.nih.gov/geo/series/GSE80nnn/GSE80178/suppl/filelist.txt","","DOWNLOADED_20260825; identity and scientific eligibility remain subject to M01/M02"
"SRC0081","03_data/raw_external_READ_ONLY/NCBI_annotation/Human.GRCh38.p13.annot.tsv.gz","GENE_ANNOTATION","NCBI_GEO_ANNOTATION","Human.GRCh38.p13.annot.tsv.gz","4417321","2026-04-18T16:40:05.034000+00:00","a0b6ff49b0851334c709edbd52ae9c80ae998d66d9a30185de364ffb4a59efea","GRCh38.p13 gene annotation","READ_ONLY_VERIFIED","","","REUSED_LEGACY_HASH_VERIFIED; identity and scientific eligibility remain subject to M01/M02"
